customer_id,sign_date,first_order_date,last_order_date,total_price,buy_cnt
USER_0449,2015-10-01,2019-12-13,2019-12-13,1301,12
USER_0628,2015-10-01,2019-06-13,2019-06-13,2237,19
USER_0188,2015-10-01,2019-06-27,2019-06-27,607,11
USER_0021,2015-10-01,2019-09-19,2019-09-20,1064,13
USER_1029,2015-10-01,2019-04-19,2019-04-19,225,1
USER_0991,2015-10-01,2019-12-06,2019-12-06,946,17
USER_0634,2015-10-01,2019-03-06,2019-08-07,750,16
USER_0060,2015-10-01,2019-02-02,2019-08-17,277,9
USER_0907,2015-10-01,2019-12-16,2019-12-16,3594,29
USER_1106,2015-10-01,2019-03-29,2019-03-30,3696,45
USER_0308,2015-10-01,2019-11-17,2019-11-17,290,8
USER_1000,2015-10-01,2019-02-04,2019-10-11,4587,59
USER_0605,2015-10-01,2019-08-10,2019-08-10,2708,27
USER_0028,2015-10-01,2019-08-24,2019-12-14,2468,18
USER_0759,2015-10-01,2019-06-01,2019-06-21,1614,20
USER_0244,2015-10-01,2019-05-12,2019-07-26,459,12
USER_0080,2015-10-01,2019-11-10,2019-11-10,2444,16
USER_0238,2015-10-01,2019-05-12,2019-10-24,5485,77
USER_0728,2015-10-01,2019-04-17,2019-04-17,2272,26
USER_0237,2015-10-01,2019-08-01,2019-08-01,1067,37
USER_0923,2015-10-01,2019-12-23,2019-12-24,760,3
USER_1277,2015-10-01,2019-01-03,2019-01-03,566,7
USER_0589,2015-10-01,2019-04-21,2019-11-16,7738,91
USER_0435,2015-10-01,2019-10-17,2019-10-17,10611,67
USER_1133,2015-10-01,2019-01-30,2019-01-30,18,1
USER_1367,2015-10-01,2019-03-19,2019-03-19,590,16
USER_1365,2015-10-01,2019-02-23,2019-12-11,3995,48
USER_0408,2015-10-01,2019-03-29,2019-07-14,4170,32
USER_1362,2015-11-01,2019-03-09,2019-03-09,3211,58
USER_0830,2015-11-01,2019-02-10,2019-11-25,8342,96
USER_0030,2015-11-01,2019-09-19,2019-09-19,9732,101
USER_0889,2015-11-01,2019-01-19,2019-01-19,2482,20
USER_1331,2015-11-01,2019-03-20,2019-10-30,6781,57
USER_1166,2015-11-01,2019-10-30,2019-10-30,1769,10
USER_0313,2015-11-01,2019-03-02,2019-03-02,482,9
USER_1107,2015-11-01,2019-11-22,2019-11-22,3703,30
USER_0156,2015-11-01,2019-01-12,2019-07-20,6038,59
USER_0977,2015-11-01,2019-03-27,2019-06-09,485,7
USER_0421,2015-11-01,2019-03-02,2019-03-02,5427,69
USER_0401,2015-11-01,2019-08-27,2019-08-27,385,18
USER_1025,2015-11-01,2019-06-19,2019-06-19,2350,21
USER_0976,2015-11-01,2019-08-22,2019-09-04,63,5
USER_0922,2015-11-01,2019-01-02,2019-01-02,846,12
USER_0946,2015-11-01,2019-01-06,2019-12-15,3898,42
USER_0763,2015-11-01,2019-12-13,2019-12-13,577,16
USER_1284,2015-11-01,2019-01-09,2019-01-09,152,4
USER_0323,2015-11-01,2019-06-25,2019-06-25,1873,20
USER_0411,2015-11-01,2019-12-16,2019-12-17,7393,55
USER_0485,2015-11-01,2019-06-17,2019-12-15,817,22
USER_1429,2015-11-01,2019-08-31,2019-08-31,3009,39
USER_1175,2015-11-01,2019-01-07,2019-01-07,328,2
USER_0683,2015-11-01,2019-01-01,2019-08-30,1042,6
USER_0039,2015-11-01,2019-04-11,2019-08-02,9966,46
USER_1215,2015-11-01,2019-04-02,2019-08-22,1606,17
USER_1428,2015-12-01,2019-03-26,2019-04-17,2170,18
USER_0745,2015-12-01,2019-01-10,2019-01-10,563,5
USER_0744,2015-12-01,2019-04-07,2019-04-07,72,5
USER_0122,2015-12-01,2019-03-01,2019-03-02,1086,16
USER_1062,2015-12-01,2019-02-09,2019-12-26,11226,133
USER_0514,2015-12-01,2019-10-13,2019-10-13,2781,32
USER_1045,2015-12-01,2019-06-13,2019-09-14,3489,52
USER_0988,2015-12-01,2019-11-30,2019-11-30,1207,20
USER_0540,2015-12-01,2019-05-21,2019-09-11,2032,27
USER_1248,2015-12-01,2019-03-24,2019-09-20,2090,37
USER_0549,2015-12-01,2019-10-27,2019-10-27,314,2
USER_0559,2015-12-01,2019-02-02,2019-02-02,190,3
USER_0402,2015-12-01,2019-05-13,2019-10-03,3074,32
USER_1262,2015-12-01,2019-03-19,2019-03-19,898,11
USER_0908,2015-12-01,2019-02-10,2019-09-14,7543,141
USER_0564,2015-12-01,2019-05-11,2019-05-11,6,1
USER_0063,2015-12-01,2019-11-16,2019-11-16,1608,11
USER_1118,2015-12-01,2019-02-04,2019-02-04,502,14
USER_0165,2015-12-01,2019-01-14,2019-10-27,4920,36
USER_0167,2015-12-01,2019-12-31,2019-12-31,3000,19
USER_1318,2015-12-01,2019-03-05,2019-06-21,490,19
USER_0181,2015-12-01,2019-05-22,2019-09-28,2104,15
USER_0107,2015-12-01,2019-02-08,2019-02-09,4937,24
USER_0813,2015-12-01,2019-06-19,2019-06-19,1163,31
USER_0740,2015-12-01,2019-04-19,2019-04-19,60,3
USER_0341,2015-12-01,2019-12-22,2019-12-23,4730,41
USER_0786,2015-12-01,2019-01-09,2019-01-09,7825,57
USER_0219,2015-12-01,2019-04-19,2019-04-19,219,3
USER_0696,2015-12-01,2019-08-25,2019-09-22,102,7
USER_0587,2015-12-01,2019-01-13,2019-09-15,3518,35
USER_0440,2015-12-01,2019-06-03,2019-06-03,702,12
USER_1414,2015-12-01,2019-06-09,2019-06-09,714,5
USER_0079,2015-12-01,2019-08-18,2019-08-18,61,2
USER_0303,2015-12-01,2019-04-07,2019-04-07,6423,15
USER_0996,2016-01-01,2019-01-11,2019-12-28,8469,62
USER_1259,2016-01-01,2019-07-18,2019-12-20,803,8
USER_0314,2016-01-01,2019-12-19,2019-12-19,899,10
USER_1360,2016-01-01,2019-04-12,2019-06-20,543,5
USER_0196,2016-01-01,2019-10-11,2019-10-11,1,1
USER_0531,2016-01-01,2019-01-13,2019-12-04,682,19
USER_0175,2016-01-01,2019-12-14,2019-12-14,557,3
USER_1400,2016-01-01,2019-06-11,2019-06-11,661,15
USER_0742,2016-01-01,2019-10-23,2019-10-23,5244,41
USER_0271,2016-01-01,2019-11-17,2019-11-17,1346,13
USER_0508,2016-01-01,2019-05-29,2019-09-18,10026,117
USER_0737,2016-01-01,2019-07-06,2019-07-07,524,17
USER_0228,2016-01-01,2019-10-18,2019-10-18,3251,19
USER_1144,2016-01-01,2019-06-07,2019-06-07,400,8
USER_1115,2016-01-01,2019-11-03,2019-11-04,2539,31
USER_1418,2016-01-01,2019-04-28,2019-06-20,1685,22
USER_0239,2016-01-01,2019-03-29,2019-12-13,1906,16
USER_1095,2016-01-01,2019-03-04,2019-04-07,554,13
USER_1466,2016-01-01,2019-10-23,2019-10-23,298,1
USER_1441,2016-01-01,2019-10-13,2019-10-13,753,15
USER_1012,2016-01-01,2019-03-29,2019-12-29,3571,39
USER_1168,2016-01-01,2019-08-09,2019-08-09,907,14
USER_0920,2016-01-01,2019-03-22,2019-03-22,801,8
USER_0806,2016-02-01,2019-01-18,2019-11-14,16226,157
USER_0642,2016-02-01,2019-03-20,2019-05-24,4871,48
USER_0569,2016-02-01,2019-12-05,2019-12-05,622,5
USER_0994,2016-02-01,2019-05-22,2019-05-23,4987,46
USER_1270,2016-02-01,2019-03-17,2019-05-22,1548,19
USER_0747,2016-02-01,2019-03-20,2019-03-20,978,12
USER_0570,2016-02-01,2019-05-16,2019-06-20,2934,42
USER_0254,2016-02-01,2019-03-27,2019-08-23,16579,46
USER_1198,2016-02-01,2019-05-03,2019-05-03,1908,39
USER_0650,2016-02-01,2019-11-09,2019-11-09,1368,5
USER_0470,2016-02-01,2019-04-10,2019-10-31,3477,40
USER_0468,2016-02-01,2019-11-12,2019-11-12,541,9
USER_1041,2016-02-01,2019-04-26,2019-11-03,116,11
USER_0682,2016-02-01,2019-01-30,2019-07-23,3162,39
USER_0349,2016-02-01,2019-01-05,2019-08-08,2039,33
USER_1090,2016-02-01,2019-08-10,2019-08-10,1291,18
USER_0045,2016-02-01,2019-08-13,2019-08-13,66,5
USER_1156,2016-02-01,2019-04-23,2019-04-23,1065,7
USER_0598,2016-02-01,2019-06-20,2019-12-14,3295,33
USER_0859,2016-02-01,2019-08-26,2019-08-26,652,15
USER_0866,2016-02-01,2019-03-06,2019-03-06,1917,15
USER_0585,2016-02-01,2019-01-01,2019-11-29,7383,58
USER_1227,2016-02-01,2019-12-16,2019-12-16,928,12
USER_0317,2016-02-01,2019-03-27,2019-09-04,1477,30
USER_0307,2016-02-01,2019-10-16,2019-10-16,1041,4
USER_1410,2016-02-01,2019-05-12,2019-10-04,457,8
USER_0591,2016-03-01,2019-06-18,2019-11-21,2670,37
USER_0176,2016-03-01,2019-11-03,2019-11-21,777,18
USER_1009,2016-03-01,2019-04-18,2019-04-18,72,5
USER_0989,2016-03-01,2019-11-02,2019-11-03,5057,48
USER_0157,2016-03-01,2019-09-05,2019-09-05,16,2
USER_0572,2016-03-01,2019-07-05,2019-10-02,21229,290
USER_0201,2016-03-01,2019-07-24,2019-07-24,1028,7
USER_1337,2016-03-01,2019-01-13,2019-01-13,871,9
USER_1119,2016-03-01,2019-05-15,2019-05-15,31,2
USER_0739,2016-03-01,2019-08-14,2019-08-14,1711,29
USER_1462,2016-03-01,2019-07-05,2019-07-05,50,4
USER_0679,2016-03-01,2019-04-11,2019-11-20,4404,27
USER_1141,2016-03-01,2019-01-13,2019-01-14,1118,5
USER_0949,2016-03-01,2019-10-25,2019-10-26,11159,137
USER_1169,2016-03-01,2019-01-31,2019-01-31,1412,9
USER_1401,2016-03-01,2019-09-10,2019-09-11,1890,13
USER_0872,2016-03-01,2019-03-12,2019-03-13,1736,17
USER_1204,2016-03-01,2019-01-21,2019-03-21,1824,22
USER_0178,2016-03-01,2019-09-11,2019-10-27,2579,36
USER_0100,2016-03-01,2019-06-28,2019-06-28,1646,30
USER_0630,2016-03-01,2019-01-05,2019-11-03,4840,52
USER_0331,2016-03-01,2019-08-14,2019-08-19,216,6
USER_0780,2016-03-01,2019-05-03,2019-05-03,3751,70
USER_0198,2016-03-01,2019-04-07,2019-04-07,1474,14
USER_0704,2016-03-01,2019-06-22,2019-08-22,55,4
USER_0414,2016-03-01,2019-10-28,2019-10-29,11123,115
USER_1241,2016-03-01,2019-07-13,2019-07-13,6427,37
USER_1336,2016-03-01,2019-01-30,2019-11-14,7836,123
USER_0212,2016-03-01,2019-01-18,2019-01-18,429,10
USER_0374,2016-03-01,2019-09-13,2019-09-14,2373,28
USER_0191,2016-03-01,2019-09-06,2019-09-06,3039,40
USER_0721,2016-03-01,2019-01-20,2019-01-20,1619,17
USER_0139,2016-03-01,2019-03-25,2019-06-29,3603,37
USER_1081,2016-03-01,2019-03-18,2019-11-06,10085,119
USER_0504,2016-03-01,2019-12-31,2019-12-31,1110,8
USER_1061,2016-03-01,2019-03-12,2019-05-24,2260,42
USER_0517,2016-04-01,2019-11-04,2019-12-03,4037,32
USER_0302,2016-04-01,2019-09-08,2019-09-08,42,5
USER_0075,2016-04-01,2019-04-12,2019-06-27,2437,33
USER_0328,2016-04-01,2019-07-31,2019-07-31,1404,31
USER_0875,2016-04-01,2019-02-25,2019-02-26,3488,38
USER_1453,2016-04-01,2019-06-20,2019-10-05,4428,60
USER_0179,2016-04-01,2019-10-27,2019-10-27,843,7
USER_0041,2016-04-01,2019-08-04,2019-08-04,5346,98
USER_0838,2016-04-01,2019-08-19,2019-08-19,634,5
USER_0214,2016-04-01,2019-04-04,2019-12-24,21041,62
USER_1126,2016-04-01,2019-11-08,2019-11-08,823,5
USER_0914,2016-04-01,2019-03-20,2019-09-06,2543,49
USER_0971,2016-04-01,2019-02-19,2019-11-17,9197,101
USER_0863,2016-04-01,2019-05-14,2019-12-08,2564,25
USER_0168,2016-04-01,2019-07-17,2019-08-01,905,31
USER_0943,2016-04-01,2019-05-22,2019-05-22,811,18
USER_0968,2016-04-01,2019-06-19,2019-07-22,2316,21
USER_1218,2016-04-01,2019-12-14,2019-12-15,35681,260
USER_0887,2016-04-01,2019-06-06,2019-06-06,1972,29
USER_0373,2016-04-01,2019-04-12,2019-12-10,2924,33
USER_0542,2016-04-01,2019-07-13,2019-11-22,1858,23
USER_0083,2016-04-01,2019-08-09,2019-08-09,2439,9
USER_1325,2016-04-01,2019-09-20,2019-09-20,3038,26
USER_1268,2016-04-01,2019-10-26,2019-10-26,2632,31
USER_1279,2016-04-01,2019-01-31,2019-01-31,1091,13
USER_1150,2016-04-01,2019-02-15,2019-11-22,5643,71
USER_0334,2016-04-01,2019-01-05,2019-12-20,5471,104
USER_0160,2016-04-01,2019-06-25,2019-06-29,19,2
USER_1057,2016-04-01,2019-12-10,2019-12-10,49,1
USER_0690,2016-05-01,2019-06-18,2019-06-28,2874,56
USER_1464,2016-05-01,2019-06-22,2019-10-05,2378,40
USER_0272,2016-05-01,2019-07-28,2019-07-28,140,1
USER_0633,2016-05-01,2019-04-07,2019-04-07,15,1
USER_0090,2016-05-01,2019-08-30,2019-08-30,257,10
USER_0190,2016-05-01,2019-01-01,2019-12-18,3052,44
USER_0172,2016-05-01,2019-01-29,2019-12-19,3979,47
USER_0164,2016-05-01,2019-07-05,2019-07-06,1028,14
USER_1199,2016-05-01,2019-12-01,2019-12-01,934,12
USER_1048,2016-05-01,2019-06-21,2019-12-17,5620,57
USER_0024,2016-05-01,2019-04-13,2019-04-13,2240,20
USER_0541,2016-05-01,2019-01-02,2019-11-29,15573,199
USER_0588,2016-05-01,2019-11-09,2019-11-09,7755,57
USER_0054,2016-05-01,2019-11-27,2019-11-27,4521,31
USER_0595,2016-05-01,2019-01-07,2019-01-08,8176,71
USER_0926,2016-05-01,2019-03-29,2019-08-17,637,19
USER_0554,2016-05-01,2019-09-26,2019-09-26,5321,58
USER_0017,2016-05-01,2019-12-13,2019-12-14,601,7
USER_0257,2016-05-01,2019-08-01,2019-11-15,8274,78
USER_0961,2016-05-01,2019-01-13,2019-01-13,6152,67
USER_0645,2016-06-01,2019-09-24,2019-09-24,2267,15
USER_0782,2016-06-01,2019-06-06,2019-06-06,132,6
USER_1058,2016-06-01,2019-04-10,2019-12-13,1085,18
USER_0335,2016-06-01,2019-09-05,2019-09-06,1281,26
USER_1377,2016-06-01,2019-01-09,2019-07-14,1576,28
USER_0657,2016-06-01,2019-01-08,2019-01-09,5218,54
USER_0717,2016-06-01,2019-11-03,2019-11-03,1067,16
USER_0519,2016-06-01,2019-05-02,2019-05-02,690,18
USER_0236,2016-06-01,2019-08-07,2019-08-07,1863,20
USER_0524,2016-06-01,2019-07-17,2019-12-25,8168,59
USER_0143,2016-06-01,2019-10-21,2019-10-24,4593,36
USER_0575,2016-06-01,2019-11-19,2019-11-19,5715,50
USER_0532,2016-06-01,2019-12-19,2019-12-19,2708,29
USER_0365,2016-06-01,2019-12-13,2019-12-13,853,11
USER_0264,2016-06-01,2019-07-16,2019-07-16,412,17
USER_1190,2016-06-01,2019-01-27,2019-12-06,3914,48
USER_0592,2016-06-01,2019-04-21,2019-09-30,7323,80
USER_1177,2016-06-01,2019-06-12,2019-06-12,3680,38
USER_1016,2016-06-01,2019-01-20,2019-01-29,1606,12
USER_0611,2016-06-01,2019-11-29,2019-11-29,2939,22
USER_0115,2016-06-01,2019-01-30,2019-01-30,1784,11
USER_0638,2016-06-01,2019-09-30,2019-09-30,80,3
USER_1254,2016-06-01,2019-12-13,2019-12-13,828,5
USER_0126,2016-06-01,2019-12-01,2019-12-01,529,9
USER_1071,2016-06-01,2019-01-21,2019-01-21,969,9
USER_1334,2016-06-01,2019-06-18,2019-09-30,2317,51
USER_0279,2016-06-01,2019-01-30,2019-01-30,1346,17
USER_1066,2016-06-01,2019-08-09,2019-08-10,2992,47
USER_0005,2016-07-01,2019-08-23,2019-08-23,628,16
USER_0490,2016-07-01,2019-06-21,2019-10-13,2991,42
USER_0828,2016-07-01,2019-01-16,2019-12-06,2508,24
USER_0972,2016-07-01,2019-12-16,2019-12-16,606,2
USER_0274,2016-07-01,2019-01-31,2019-04-08,3093,44
USER_0255,2016-07-01,2019-02-14,2019-05-18,2909,28
USER_0482,2016-07-01,2019-05-26,2019-11-29,13576,241
USER_0699,2016-07-01,2019-03-24,2019-03-24,534,6
USER_1070,2016-07-01,2019-08-10,2019-12-19,1699,19
USER_0567,2016-07-01,2019-06-16,2019-06-16,3239,16
USER_1096,2016-07-01,2019-03-16,2019-03-16,20,2
USER_0423,2016-07-01,2019-02-03,2019-07-10,6694,95
USER_0284,2016-07-01,2019-01-03,2019-05-21,2294,36
USER_1283,2016-07-01,2019-08-20,2019-08-21,1763,29
USER_0513,2016-07-01,2019-12-30,2019-12-31,510,9
USER_0518,2016-07-01,2019-01-29,2019-12-14,1884,42
USER_0427,2016-07-01,2019-01-17,2019-10-04,2789,61
USER_0797,2016-07-01,2019-06-14,2019-06-14,1451,22
USER_0529,2016-07-01,2019-03-12,2019-03-13,1413,14
USER_0624,2016-07-01,2019-03-27,2019-03-27,357,2
USER_0058,2016-07-01,2019-06-26,2019-06-26,1680,10
USER_1276,2016-07-01,2019-01-25,2019-01-25,161,2
USER_0916,2016-07-01,2019-04-14,2019-04-15,7333,74
USER_0705,2016-07-01,2019-12-26,2019-12-26,141,3
USER_0443,2016-07-01,2019-02-23,2019-02-23,2489,26
USER_0655,2016-07-01,2019-03-21,2019-07-20,3147,56
USER_0710,2016-07-01,2019-08-31,2019-10-22,579,25
USER_0405,2016-07-01,2019-06-27,2019-06-27,1481,39
USER_1086,2016-08-01,2019-05-26,2019-05-26,1873,15
USER_0684,2016-08-01,2019-06-07,2019-08-01,225,5
USER_0639,2016-08-01,2019-04-13,2019-04-14,3316,32
USER_1060,2016-08-01,2019-03-06,2019-07-21,5604,60
USER_1373,2016-08-01,2019-10-05,2019-10-05,1090,12
USER_0835,2016-08-01,2019-06-11,2019-08-25,6997,99
USER_0772,2016-08-01,2019-07-24,2019-07-25,12876,157
USER_1138,2016-08-01,2019-01-17,2019-06-01,6863,75
USER_0906,2016-08-01,2019-01-02,2019-12-26,5112,52
USER_0380,2016-08-01,2019-03-23,2019-03-23,1163,6
USER_0495,2016-08-01,2019-06-20,2019-06-20,148,4
USER_0962,2016-08-01,2019-08-13,2019-08-13,172,2
USER_1455,2016-08-01,2019-07-26,2019-08-23,965,22
USER_1219,2016-08-01,2019-05-15,2019-08-24,6579,122
USER_1042,2016-08-01,2019-03-14,2019-03-14,971,8
USER_1108,2016-08-01,2019-03-07,2019-04-18,2750,33
USER_0984,2016-08-01,2019-09-05,2019-09-05,724,14
USER_1040,2016-08-01,2019-08-22,2019-08-22,2233,39
USER_0396,2016-08-01,2019-03-19,2019-12-26,3967,35
USER_1381,2016-08-01,2019-05-06,2019-05-07,2733,29
USER_0722,2016-08-01,2019-09-27,2019-09-27,1871,10
USER_1214,2016-08-01,2019-03-18,2019-03-18,1456,22
USER_0793,2016-08-01,2019-05-08,2019-11-19,7728,90
USER_0719,2016-08-01,2019-01-31,2019-12-04,2195,17
USER_1368,2016-08-01,2019-03-27,2019-03-27,20,1
USER_0990,2016-08-01,2019-02-23,2019-02-23,856,21
USER_0278,2016-08-01,2019-07-18,2019-07-18,522,8
USER_0612,2016-08-01,2019-06-20,2019-06-20,29,2
USER_0947,2016-08-01,2019-01-03,2019-01-04,3810,28
USER_0810,2016-08-01,2019-08-03,2019-08-03,890,13
USER_0660,2016-08-01,2019-02-24,2019-09-18,6555,105
USER_0552,2016-08-01,2019-06-24,2019-12-21,2000,22
USER_0736,2016-08-01,2019-01-02,2019-12-19,76032,587
USER_0555,2016-08-01,2019-01-31,2019-01-31,6820,76
USER_0731,2016-08-01,2019-09-09,2019-09-10,6878,61
USER_0709,2016-08-01,2019-04-20,2019-04-20,1054,23
USER_0360,2016-08-01,2019-05-21,2019-12-06,1200,22
USER_1292,2016-08-01,2019-09-25,2019-09-25,11713,103
USER_0189,2016-08-01,2019-02-28,2019-02-28,172,11
USER_1309,2016-09-01,2019-12-18,2019-12-18,4878,41
USER_0379,2016-09-01,2019-06-22,2019-06-22,931,18
USER_1228,2016-09-01,2019-08-25,2019-09-30,1795,52
USER_0416,2016-09-01,2019-05-25,2019-05-31,3126,48
USER_0520,2016-09-01,2019-01-24,2019-01-25,6031,50
USER_1208,2016-09-01,2019-05-16,2019-05-16,2555,53
USER_1148,2016-09-01,2019-08-25,2019-10-05,1181,16
USER_0461,2016-09-01,2019-07-19,2019-07-19,1673,18
USER_0466,2016-09-01,2019-01-09,2019-01-09,731,9
USER_0002,2016-09-01,2019-06-22,2019-10-19,1437,23
USER_0012,2016-09-01,2019-08-17,2019-08-31,2250,22
USER_0579,2016-09-01,2019-08-18,2019-08-19,5841,110
USER_0029,2016-09-01,2019-03-28,2019-03-29,1731,11
USER_0040,2016-09-01,2019-07-18,2019-07-18,992,14
USER_0071,2016-09-01,2019-02-04,2019-12-16,783,15
USER_1021,2016-09-01,2019-04-05,2019-05-31,5847,18
USER_0609,2016-09-01,2019-09-28,2019-09-29,1032,17
USER_0892,2016-09-01,2019-12-10,2019-12-10,397,4
USER_1077,2016-09-01,2019-07-24,2019-12-13,10918,105
USER_0131,2016-09-01,2019-02-08,2019-08-09,2317,24
USER_0873,2016-09-01,2019-12-19,2019-12-19,22,1
USER_0857,2016-09-01,2019-09-23,2019-09-24,1001,18
USER_1007,2016-09-01,2019-01-23,2019-01-24,2074,13
USER_0187,2016-09-01,2019-03-15,2019-03-15,2041,60
USER_0677,2016-09-01,2019-01-19,2019-01-19,206,1
USER_0805,2016-09-01,2019-04-20,2019-11-08,3170,43
USER_0553,2016-09-01,2019-05-16,2019-05-16,1620,54
USER_0792,2016-09-01,2019-02-10,2019-02-10,3373,31
USER_0769,2016-09-01,2019-05-10,2019-05-10,1604,25
USER_1059,2016-09-01,2019-02-21,2019-02-22,4459,45
USER_0425,2016-09-01,2019-10-03,2019-10-03,9342,93
USER_1388,2016-09-01,2019-04-19,2019-04-19,6617,40
USER_0337,2016-09-01,2019-01-03,2019-01-03,1280,10
USER_1315,2016-09-01,2019-03-13,2019-03-13,1117,18
USER_0261,2016-10-01,2019-01-20,2019-01-20,467,5
USER_0754,2016-10-01,2019-08-17,2019-08-17,68,8
USER_0250,2016-10-01,2019-07-19,2019-07-19,443,16
USER_1335,2016-10-01,2019-06-12,2019-06-12,158,1
USER_0473,2016-10-01,2019-10-19,2019-10-19,3880,39
USER_0958,2016-10-01,2019-04-24,2019-04-24,2439,38
USER_1291,2016-10-01,2019-03-08,2019-03-08,4427,60
USER_1203,2016-10-01,2019-08-04,2019-08-05,6166,131
USER_0092,2016-10-01,2019-12-10,2019-12-10,1365,12
USER_0224,2016-10-01,2019-08-17,2019-08-17,33,3
USER_0523,2016-10-01,2019-12-12,2019-12-12,425,2
USER_0020,2016-10-01,2019-10-16,2019-10-16,2013,11
USER_1432,2016-10-01,2019-04-27,2019-07-16,10637,155
USER_0010,2016-10-01,2019-03-27,2019-07-28,583,10
USER_1386,2016-10-01,2019-05-10,2019-05-18,969,18
USER_0497,2016-10-01,2019-10-23,2019-10-23,612,6
USER_0283,2016-10-01,2019-06-07,2019-08-02,808,32
USER_0286,2016-10-01,2019-04-05,2019-09-04,3011,36
USER_1080,2016-10-01,2019-01-25,2019-04-19,2008,19
USER_0391,2016-10-01,2019-01-17,2019-02-09,889,12
USER_0197,2016-10-01,2019-02-12,2019-12-28,8521,138
USER_1164,2016-10-01,2019-12-30,2019-12-30,5009,38
USER_0760,2016-10-01,2019-06-16,2019-06-16,2792,24
USER_0395,2016-10-01,2019-05-10,2019-05-10,1012,16
USER_0366,2016-10-01,2019-06-12,2019-06-12,17,1
USER_1056,2016-10-01,2019-11-01,2019-11-01,10850,93
USER_0218,2016-11-01,2019-03-29,2019-08-17,2212,32
USER_1010,2016-11-01,2019-04-15,2019-04-16,7206,60
USER_1001,2016-11-01,2019-08-30,2019-08-30,32,6
USER_1363,2016-11-01,2019-10-13,2019-10-13,860,8
USER_0023,2016-11-01,2019-02-01,2019-07-14,1342,13
USER_0358,2016-11-01,2019-01-30,2019-10-11,9716,123
USER_1101,2016-11-01,2019-02-01,2019-02-01,2264,17
USER_0180,2016-11-01,2019-06-24,2019-11-10,5602,72
USER_0073,2016-11-01,2019-04-19,2019-04-19,283,3
USER_1160,2016-11-01,2019-03-19,2019-10-23,2732,53
USER_0103,2016-11-01,2019-02-06,2019-12-21,3749,47
USER_1316,2016-11-01,2019-01-25,2019-12-27,3358,41
USER_0879,2016-11-01,2019-04-03,2019-08-29,3624,48
USER_0445,2016-11-01,2019-08-31,2019-10-05,1671,21
USER_1242,2016-11-01,2019-02-24,2019-09-02,1981,27
USER_0955,2016-11-01,2019-04-09,2019-04-10,1600,21
USER_1451,2016-11-01,2019-09-14,2019-09-14,2772,43
USER_0121,2016-11-01,2019-04-12,2019-04-12,50,1
USER_0666,2016-11-01,2019-02-11,2019-02-12,2354,35
USER_1121,2016-11-01,2019-02-13,2019-10-07,10905,129
USER_1371,2016-11-01,2019-02-02,2019-12-05,8869,93
USER_0583,2016-11-01,2019-02-02,2019-10-22,7142,89
USER_0959,2016-11-01,2019-07-12,2019-07-12,4148,54
USER_0725,2016-11-01,2019-04-17,2019-07-26,3612,40
USER_0019,2016-11-01,2019-06-26,2019-10-18,1635,30
USER_0619,2016-11-01,2019-12-14,2019-12-14,1123,6
USER_0716,2016-11-01,2019-12-12,2019-12-12,840,8
USER_0498,2016-11-01,2019-01-20,2019-01-20,3496,28
USER_0753,2016-11-01,2019-06-20,2019-06-20,1274,8
USER_1409,2016-11-01,2019-08-11,2019-08-11,37,5
USER_0477,2016-11-01,2019-03-21,2019-03-21,1106,13
USER_1275,2016-11-01,2019-11-12,2019-11-12,330,8
USER_1408,2016-11-01,2019-12-13,2019-12-13,20,1
USER_0702,2016-11-01,2019-04-19,2019-04-19,950,15
USER_1375,2016-11-01,2019-04-07,2019-11-30,10166,115
USER_1372,2016-11-01,2019-06-27,2019-10-31,828,18
USER_0220,2016-11-01,2019-12-22,2019-12-22,7423,48
USER_0724,2016-12-01,2019-12-13,2019-12-13,801,18
USER_0213,2016-12-01,2019-12-10,2019-12-10,965,20
USER_1467,2016-12-01,2019-07-29,2019-10-10,6370,102
USER_1251,2016-12-01,2019-04-15,2019-04-15,1290,5
USER_1389,2016-12-01,2019-01-07,2019-07-08,855,10
USER_0652,2016-12-01,2019-08-27,2019-10-31,4395,74
USER_0129,2016-12-01,2019-04-30,2019-04-30,701,14
USER_0102,2016-12-01,2019-03-27,2019-11-08,3053,33
USER_0953,2016-12-01,2019-01-19,2019-01-20,5317,63
USER_1457,2016-12-01,2019-04-18,2019-06-12,135,2
USER_0576,2016-12-01,2019-11-15,2019-11-15,4130,24
USER_1439,2016-12-01,2019-11-28,2019-11-28,4044,42
USER_0694,2016-12-01,2019-01-11,2019-01-11,2151,27
USER_0557,2016-12-01,2019-05-04,2019-05-04,2472,38
USER_0999,2016-12-01,2019-08-02,2019-08-02,380,8
USER_0382,2016-12-01,2019-09-14,2019-09-14,40,1
USER_0727,2016-12-01,2019-08-16,2019-10-05,3530,55
USER_1109,2016-12-01,2019-05-30,2019-05-30,785,16
USER_0048,2016-12-01,2019-07-27,2019-07-27,11,1
USER_1221,2016-12-01,2019-04-07,2019-07-11,9996,137
USER_0390,2016-12-01,2019-12-06,2019-12-12,1412,13
USER_0186,2017-01-01,2019-07-12,2019-07-12,10,1
USER_1333,2017-01-01,2019-08-17,2019-08-17,1095,13
USER_0357,2017-01-01,2019-05-01,2019-05-01,364,7
USER_1174,2017-01-01,2019-11-15,2019-11-16,5991,55
USER_0367,2017-01-01,2019-02-16,2019-02-16,314,2
USER_0646,2017-01-01,2019-04-13,2019-04-13,715,17
USER_0372,2017-01-01,2019-04-07,2019-04-07,45,1
USER_1135,2017-01-01,2019-09-15,2019-12-19,674,8
USER_0967,2017-01-01,2019-08-27,2019-08-27,224,14
USER_0051,2017-01-01,2019-08-22,2019-08-22,499,7
USER_0327,2017-01-01,2019-03-04,2019-03-04,402,18
USER_0659,2017-01-01,2019-03-19,2019-03-30,3596,57
USER_1024,2017-01-01,2019-03-29,2019-10-12,3520,64
USER_1161,2017-01-01,2019-10-04,2019-10-27,1699,15
USER_0689,2017-01-01,2019-11-29,2019-11-29,3429,19
USER_1260,2017-01-01,2019-01-15,2019-10-26,474,8
USER_0205,2017-01-01,2019-01-12,2019-12-12,11904,143
USER_1352,2017-01-01,2019-06-12,2019-06-12,359,3
USER_1348,2017-01-01,2019-08-14,2019-12-11,13162,121
USER_0992,2017-01-01,2019-03-01,2019-12-07,4340,54
USER_1162,2017-01-01,2019-08-07,2019-08-22,647,17
USER_0749,2017-01-01,2019-04-11,2019-12-03,10533,122
USER_0243,2017-01-01,2019-06-07,2019-06-07,2338,35
USER_0315,2017-01-01,2019-12-28,2019-12-29,2849,24
USER_1308,2017-02-01,2019-04-18,2019-04-18,322,17
USER_0170,2017-02-01,2019-01-31,2019-06-23,1457,19
USER_1018,2017-02-01,2019-03-13,2019-03-14,3387,51
USER_0951,2017-02-01,2019-08-21,2019-09-04,839,9
USER_0952,2017-02-01,2019-02-12,2019-07-19,5886,71
USER_0145,2017-02-01,2019-06-05,2019-06-05,238,1
USER_0871,2017-02-01,2019-04-30,2019-12-04,4253,32
USER_1258,2017-02-01,2019-04-19,2019-04-19,800,17
USER_0400,2017-02-01,2019-04-08,2019-09-18,104,9
USER_0649,2017-02-01,2019-05-24,2019-08-01,3265,41
USER_1424,2017-02-01,2019-01-05,2019-08-29,2205,29
USER_0526,2017-02-01,2019-11-29,2019-11-29,2670,15
USER_0326,2017-02-01,2019-04-06,2019-04-07,492,15
USER_1038,2017-02-01,2019-03-04,2019-09-02,284,12
USER_1235,2017-02-01,2019-12-09,2019-12-09,462,13
USER_1253,2017-02-01,2019-04-19,2019-04-19,217,1
USER_0905,2017-02-01,2019-04-28,2019-11-20,951,27
USER_0625,2017-02-01,2019-03-08,2019-06-14,1967,18
USER_0222,2017-02-01,2019-04-07,2019-04-07,412,16
USER_1236,2017-02-01,2019-01-06,2019-06-29,3930,45
USER_0506,2017-02-01,2019-05-09,2019-05-09,2157,23
USER_0332,2017-02-01,2019-07-18,2019-08-02,5995,91
USER_0643,2017-02-01,2019-01-11,2019-12-21,49137,523
USER_1123,2017-02-01,2019-10-26,2019-10-26,1412,21
USER_0927,2017-02-01,2019-11-02,2019-11-14,887,16
USER_0882,2017-02-01,2019-01-21,2019-01-21,2116,21
USER_0471,2017-02-01,2019-10-27,2019-10-27,207,8
USER_0932,2017-02-01,2019-02-07,2019-02-07,1046,7
USER_0795,2017-02-01,2019-02-28,2019-05-15,5651,96
USER_0935,2017-02-01,2019-01-31,2019-08-01,1985,26
USER_0537,2017-02-01,2019-02-27,2019-02-27,6180,50
USER_0767,2017-02-01,2019-08-27,2019-08-27,655,9
USER_0883,2017-02-01,2019-09-26,2019-09-26,1342,5
USER_1361,2017-02-01,2019-02-22,2019-10-10,4719,35
USER_0799,2017-02-01,2019-02-20,2019-09-01,17843,144
USER_0132,2017-02-01,2019-04-12,2019-06-02,355,17
USER_1423,2017-02-01,2019-03-27,2019-10-19,5216,63
USER_0697,2017-02-01,2019-09-30,2019-09-30,500,11
USER_1342,2017-02-01,2019-04-24,2019-06-25,1913,24
USER_1054,2017-02-01,2019-06-27,2019-06-27,13,1
USER_1425,2017-02-01,2019-04-11,2019-08-29,1535,21
USER_0082,2017-03-01,2019-04-18,2019-04-18,15,2
USER_0066,2017-03-01,2019-01-01,2019-08-02,2357,42
USER_1163,2017-03-01,2019-04-18,2019-09-23,5766,63
USER_0596,2017-03-01,2019-07-18,2019-07-18,287,10
USER_0242,2017-03-01,2019-05-21,2019-05-21,44,2
USER_1445,2017-03-01,2019-04-28,2019-12-19,2909,35
USER_0294,2017-03-01,2019-12-06,2019-12-06,1109,18
USER_1111,2017-03-01,2019-02-01,2019-02-01,1046,10
USER_0361,2017-03-01,2019-03-26,2019-03-26,1265,7
USER_0703,2017-03-01,2019-03-16,2019-12-02,23365,114
USER_1395,2017-03-01,2019-01-06,2019-01-06,7534,85
USER_0362,2017-03-01,2019-10-21,2019-10-22,8193,53
USER_0671,2017-03-01,2019-10-17,2019-10-17,3087,30
USER_0207,2017-03-01,2019-06-01,2019-07-26,2943,52
USER_0259,2017-03-01,2019-01-30,2019-06-05,734,11
USER_0287,2017-03-01,2019-06-06,2019-09-18,3440,87
USER_1307,2017-03-01,2019-01-29,2019-06-21,1503,17
USER_1303,2017-03-01,2019-01-12,2019-01-12,579,8
USER_1073,2017-03-01,2019-11-17,2019-11-17,1690,16
USER_0849,2017-03-01,2019-04-22,2019-04-22,1806,11
USER_0288,2017-03-01,2019-01-12,2019-12-12,9162,79
USER_0870,2017-03-01,2019-02-21,2019-02-23,12737,106
USER_0144,2017-03-01,2019-01-17,2019-01-17,892,3
USER_0135,2017-03-01,2019-04-19,2019-11-08,7691,49
USER_1037,2017-03-01,2019-01-30,2019-01-30,1061,8
USER_0561,2017-03-01,2019-11-23,2019-11-23,765,5
USER_0095,2017-03-01,2019-02-05,2019-12-11,12185,127
USER_0563,2017-03-01,2019-01-16,2019-12-31,57147,575
USER_1339,2017-03-01,2019-09-28,2019-09-28,2130,22
USER_0565,2017-03-01,2019-10-31,2019-10-31,119,1
USER_0885,2017-04-01,2019-12-10,2019-12-10,7,2
USER_0748,2017-04-01,2019-03-14,2019-05-24,9360,115
USER_0305,2017-04-01,2019-11-17,2019-11-17,17,3
USER_1033,2017-04-01,2019-07-21,2019-07-21,963,9
USER_0419,2017-04-01,2019-10-11,2019-10-11,2072,24
USER_0502,2017-04-01,2019-03-02,2019-09-06,3362,46
USER_0751,2017-04-01,2019-01-22,2019-01-22,1063,16
USER_1223,2017-04-01,2019-07-05,2019-07-05,1032,17
USER_1452,2017-04-01,2019-03-04,2019-05-26,1052,24
USER_1302,2017-04-01,2019-07-28,2019-07-28,3747,74
USER_0027,2017-04-01,2019-05-23,2019-05-23,36,3
USER_0026,2017-04-01,2019-01-09,2019-04-10,13812,147
USER_0133,2017-04-01,2019-03-04,2019-03-04,559,7
USER_0146,2017-04-01,2019-06-01,2019-06-02,3467,58
USER_1278,2017-04-01,2019-06-09,2019-06-09,2541,43
USER_1143,2017-04-01,2019-11-01,2019-11-01,3427,43
USER_0152,2017-04-01,2019-11-29,2019-11-29,228,2
USER_0852,2017-04-01,2019-10-29,2019-10-29,348,2
USER_0375,2017-04-01,2019-08-21,2019-09-04,3409,29
USER_0825,2017-04-01,2019-04-06,2019-04-06,2263,30
USER_0009,2017-04-01,2019-07-13,2019-09-23,4982,69
USER_0177,2017-04-01,2019-04-24,2019-04-24,846,11
USER_0798,2017-04-01,2019-08-19,2019-08-19,208,7
USER_0195,2017-04-01,2019-01-15,2019-01-16,1443,14
USER_1338,2017-04-01,2019-10-06,2019-10-06,3884,34
USER_1353,2017-04-01,2019-04-23,2019-04-26,7281,112
USER_0298,2017-04-01,2019-09-26,2019-09-26,121,4
USER_0602,2017-04-01,2019-01-17,2019-05-14,1269,19
USER_0730,2017-04-01,2019-01-01,2019-10-14,916,35
USER_0436,2017-04-01,2019-11-17,2019-12-18,2051,17
USER_0089,2017-04-01,2019-06-30,2019-11-30,6698,74
USER_0623,2017-04-01,2019-02-14,2019-02-15,2762,30
USER_1167,2017-04-01,2019-05-04,2019-05-05,6334,63
USER_0428,2017-04-01,2019-07-06,2019-09-04,6344,59
USER_0426,2017-04-01,2019-09-20,2019-09-20,13,1
USER_0897,2017-04-01,2019-03-04,2019-03-04,243,9
USER_1173,2017-05-01,2019-05-17,2019-05-17,1798,20
USER_1185,2017-05-01,2019-03-17,2019-08-11,7252,119
USER_0004,2017-05-01,2019-09-15,2019-09-15,1448,36
USER_1202,2017-05-01,2019-10-03,2019-10-03,4069,52
USER_0231,2017-05-01,2019-07-14,2019-07-14,809,13
USER_1263,2017-05-01,2019-03-21,2019-09-15,263,13
USER_0011,2017-05-01,2019-09-08,2019-09-08,705,19
USER_1448,2017-05-01,2019-04-06,2019-04-06,9,1
USER_0138,2017-05-01,2019-01-05,2019-01-05,4307,59
USER_0383,2017-05-01,2019-06-13,2019-11-03,1425,12
USER_0422,2017-05-01,2019-04-25,2019-04-25,2416,29
USER_0474,2017-05-01,2019-07-27,2019-07-27,1130,31
USER_0603,2017-05-01,2019-03-28,2019-12-03,1772,14
USER_0604,2017-05-01,2019-03-04,2019-08-23,1543,35
USER_0617,2017-05-01,2019-08-12,2019-08-12,774,9
USER_0668,2017-05-01,2019-05-10,2019-08-16,8598,134
USER_0000,2017-05-01,2019-09-15,2019-09-15,32,2
USER_0848,2017-05-01,2019-08-11,2019-08-11,958,22
USER_0903,2017-05-01,2019-02-04,2019-08-02,453,12
USER_0973,2017-05-01,2019-04-18,2019-08-13,946,25
USER_0985,2017-05-01,2019-02-23,2019-02-24,5179,57
USER_1004,2017-05-01,2019-04-18,2019-06-01,1820,22
USER_1034,2017-05-01,2019-06-12,2019-06-28,891,9
USER_1044,2017-05-01,2019-05-10,2019-05-10,958,9
USER_1049,2017-05-01,2019-07-03,2019-07-04,7986,87
USER_1088,2017-05-01,2019-06-21,2019-11-26,2828,20
USER_1093,2017-05-01,2019-09-06,2019-09-07,1741,19
USER_1152,2017-05-01,2019-03-14,2019-11-29,6325,69
USER_0077,2017-06-01,2019-09-07,2019-12-04,5150,67
USER_1298,2017-06-01,2019-12-01,2019-12-01,5823,77
USER_0597,2017-06-01,2019-03-20,2019-11-03,10673,134
USER_0816,2017-06-01,2019-01-26,2019-08-17,9701,115
USER_0752,2017-06-01,2019-11-20,2019-11-20,2080,12
USER_1411,2017-06-01,2019-01-19,2019-12-13,14210,163
USER_1404,2017-06-01,2019-05-09,2019-05-10,3025,40
USER_1403,2017-06-01,2019-04-07,2019-04-07,3815,38
USER_0299,2017-06-01,2019-02-16,2019-12-02,3337,29
USER_0954,2017-06-01,2019-01-02,2019-01-02,1971,14
USER_0216,2017-06-01,2019-01-23,2019-10-17,2016,34
USER_0355,2017-06-01,2019-08-21,2019-12-08,281,6
USER_0245,2017-06-01,2019-04-21,2019-12-20,9653,85
USER_1053,2017-06-01,2019-03-13,2019-05-31,4223,75
USER_0246,2017-06-01,2019-08-05,2019-08-06,1301,17
USER_1157,2017-06-01,2019-10-26,2019-10-27,378,24
USER_0345,2017-06-01,2019-01-01,2019-01-01,1,1
USER_0692,2017-06-01,2019-06-27,2019-06-27,407,4
USER_0543,2017-06-01,2019-07-13,2019-07-13,1278,10
USER_0758,2017-06-01,2019-01-30,2019-06-05,1717,22
USER_0281,2017-06-01,2019-01-03,2019-11-29,7463,78
USER_1286,2017-06-01,2019-06-20,2019-11-30,4636,44
USER_0741,2017-06-01,2019-02-15,2019-04-06,2598,35
USER_0097,2017-06-01,2019-01-31,2019-01-31,960,7
USER_0399,2017-06-01,2019-03-28,2019-09-13,10308,50
USER_0558,2017-06-01,2019-08-23,2019-12-07,9894,118
USER_0387,2017-06-01,2019-12-26,2019-12-27,3136,25
USER_1329,2017-06-01,2019-09-12,2019-10-23,1187,18
USER_0578,2017-06-01,2019-03-13,2019-09-12,26582,168
USER_0656,2017-06-01,2019-04-06,2019-12-13,10733,146
USER_0538,2017-07-01,2019-08-25,2019-08-25,1199,26
USER_0018,2017-07-01,2019-07-26,2019-08-13,2780,47
USER_1181,2017-07-01,2019-07-06,2019-07-06,347,3
USER_0521,2017-07-01,2019-10-06,2019-10-06,804,11
USER_1182,2017-07-01,2019-02-20,2019-07-12,4569,75
USER_0444,2017-07-01,2019-08-25,2019-08-25,1108,18
USER_0746,2017-07-01,2019-02-11,2019-02-14,20974,53
USER_0691,2017-07-01,2019-05-20,2019-11-18,7842,80
USER_1006,2017-07-01,2019-05-31,2019-08-28,4347,53
USER_1323,2017-07-01,2019-03-29,2019-03-29,2287,28
USER_1380,2017-07-01,2019-06-30,2019-06-30,1040,31
USER_1075,2017-07-01,2019-11-10,2019-11-10,6442,50
USER_1147,2017-07-01,2019-06-12,2019-06-12,47,3
USER_0458,2017-07-01,2019-03-18,2019-11-21,2944,52
USER_0055,2017-07-01,2019-08-02,2019-08-02,1234,13
USER_1350,2017-07-01,2019-04-18,2019-04-18,1841,10
USER_0707,2017-07-01,2019-06-27,2019-06-27,329,9
USER_0439,2017-07-01,2019-06-28,2019-11-16,10254,70
USER_1191,2017-07-01,2019-06-05,2019-12-12,6152,60
USER_0924,2017-07-01,2019-12-08,2019-12-09,12643,115
USER_0463,2017-07-01,2019-08-14,2019-11-20,1752,23
USER_1068,2017-07-01,2019-12-06,2019-12-30,5325,58
USER_0936,2017-07-01,2019-07-05,2019-07-05,1129,10
USER_0993,2017-07-01,2019-07-28,2019-07-28,11,1
USER_0455,2017-07-01,2019-08-19,2019-08-19,2267,16
USER_0184,2017-07-01,2019-04-18,2019-06-13,1776,8
USER_1449,2017-07-01,2019-08-04,2019-12-11,2118,27
USER_0487,2017-07-01,2019-08-16,2019-10-01,2826,34
USER_0351,2017-07-01,2019-01-03,2019-08-16,5151,73
USER_0881,2017-07-01,2019-01-10,2019-01-22,652,12
USER_0111,2017-08-01,2019-04-24,2019-11-27,12421,62
USER_0118,2017-08-01,2019-01-08,2019-09-15,74787,695
USER_0693,2017-08-01,2019-07-18,2019-07-18,378,16
USER_1437,2017-08-01,2019-05-23,2019-05-23,30,1
USER_1436,2017-08-01,2019-10-14,2019-10-14,1617,18
USER_0484,2017-08-01,2019-01-04,2019-09-23,7565,79
USER_0127,2017-08-01,2019-02-04,2019-12-24,2371,42
USER_1322,2017-08-01,2019-04-17,2019-04-17,563,5
USER_0846,2017-08-01,2019-06-19,2019-06-19,2131,25
USER_1184,2017-08-01,2019-06-11,2019-12-19,1797,27
USER_0715,2017-08-01,2019-05-04,2019-06-20,311,16
USER_0945,2017-08-01,2019-09-05,2019-09-05,1380,25
USER_0770,2017-08-01,2019-06-11,2019-06-11,1422,26
USER_1194,2017-08-01,2019-05-05,2019-10-23,2406,33
USER_0738,2017-08-01,2019-09-09,2019-09-09,44,1
USER_0148,2017-08-01,2019-04-06,2019-04-06,35,2
USER_0044,2017-08-01,2019-04-12,2019-07-20,414,7
USER_1196,2017-08-01,2019-07-13,2019-11-27,2683,16
USER_1047,2017-08-01,2019-04-05,2019-04-05,77,3
USER_1327,2017-08-01,2019-03-20,2019-03-20,49,1
USER_0050,2017-08-01,2019-07-13,2019-07-13,1281,16
USER_0648,2017-08-01,2019-03-29,2019-04-29,565,10
USER_1274,2017-08-01,2019-04-21,2019-04-22,5288,65
USER_1013,2017-08-01,2019-05-30,2019-10-23,1261,14
USER_0081,2017-08-01,2019-02-25,2019-06-26,3918,53
USER_0338,2017-08-01,2019-11-20,2019-11-20,3987,32
USER_0319,2017-08-01,2019-12-06,2019-12-06,362,3
USER_0316,2017-08-01,2019-08-06,2019-08-07,1798,39
USER_1100,2017-08-01,2019-11-04,2019-11-04,238,1
USER_0199,2017-08-01,2019-03-27,2019-11-10,4120,54
USER_1454,2017-08-01,2019-01-31,2019-04-19,88,3
USER_1293,2017-08-01,2019-12-01,2019-12-02,3909,27
USER_0635,2017-09-01,2019-05-25,2019-05-25,812,25
USER_1020,2017-09-01,2019-01-07,2019-01-07,451,5
USER_0112,2017-09-01,2019-07-13,2019-07-13,80,4
USER_1261,2017-09-01,2019-11-26,2019-11-26,10313,94
USER_0779,2017-09-01,2019-03-01,2019-03-16,4189,40
USER_0601,2017-09-01,2019-03-24,2019-07-23,941,18
USER_0876,2017-09-01,2019-03-05,2019-03-22,4591,64
USER_1102,2017-09-01,2019-06-29,2019-06-29,3927,30
USER_0486,2017-09-01,2019-07-31,2019-12-12,3220,23
USER_1030,2017-09-01,2019-01-05,2019-01-05,1899,14
USER_0847,2017-09-01,2019-10-17,2019-10-17,199,1
USER_0008,2017-09-01,2019-07-05,2019-11-21,9958,77
USER_0851,2017-09-01,2019-04-19,2019-06-28,1148,23
USER_0266,2017-09-01,2019-03-20,2019-07-17,6210,98
USER_0141,2017-09-01,2019-12-23,2019-12-23,2786,14
USER_0766,2017-09-01,2019-10-08,2019-10-08,3169,51
USER_0762,2017-09-01,2019-11-24,2019-11-25,7346,48
USER_0093,2017-09-01,2019-07-12,2019-07-12,203,5
USER_1374,2017-09-01,2019-05-18,2019-10-02,7307,94
USER_0359,2017-09-01,2019-12-18,2019-12-18,3229,33
USER_1280,2017-09-01,2019-08-09,2019-08-09,3530,49
USER_0840,2017-09-01,2019-01-17,2019-01-17,1658,14
USER_0094,2017-09-01,2019-03-20,2019-12-03,15450,223
USER_0855,2017-09-01,2019-01-26,2019-07-28,635,17
USER_0309,2017-10-01,2019-03-19,2019-07-11,6968,82
USER_0796,2017-10-01,2019-07-14,2019-07-14,79,1
USER_0582,2017-10-01,2019-01-31,2019-01-31,154,1
USER_1383,2017-10-01,2019-01-03,2019-07-07,206,5
USER_1369,2017-10-01,2019-01-12,2019-01-12,1069,9
USER_0841,2017-10-01,2019-06-20,2019-06-20,55,4
USER_0608,2017-10-01,2019-06-26,2019-09-20,5172,59
USER_0031,2017-10-01,2019-12-18,2019-12-18,1250,6
USER_1139,2017-10-01,2019-09-14,2019-09-14,649,6
USER_1295,2017-10-01,2019-05-17,2019-10-09,16898,193
USER_1288,2017-10-01,2019-07-24,2019-07-24,2887,28
USER_0890,2017-10-01,2019-03-22,2019-03-22,2102,16
USER_0043,2017-10-01,2019-08-30,2019-08-30,2721,43
USER_1127,2017-10-01,2019-03-24,2019-03-24,153,3
USER_0275,2017-10-01,2019-08-30,2019-08-30,3211,35
USER_0469,2017-10-01,2019-09-14,2019-09-14,946,8
USER_1247,2017-10-01,2019-09-27,2019-09-27,1026,12
USER_0898,2017-10-01,2019-04-08,2019-04-09,832,32
USER_0909,2017-10-01,2019-08-18,2019-08-18,212,9
USER_0714,2017-10-01,2019-10-17,2019-10-17,923,5
USER_0613,2017-10-01,2019-12-21,2019-12-21,2768,18
USER_0453,2017-10-01,2019-04-17,2019-04-17,1464,14
USER_0130,2017-10-01,2019-01-03,2019-01-03,141,2
USER_0986,2017-10-01,2019-11-30,2019-11-30,772,10
USER_0159,2017-10-01,2019-12-06,2019-12-06,878,8
USER_0556,2017-10-01,2019-01-30,2019-01-30,60,1
USER_0215,2017-10-01,2019-04-07,2019-08-01,239,2
USER_1076,2017-10-01,2019-01-27,2019-11-24,8598,67
USER_1440,2017-10-01,2019-02-17,2019-02-17,3209,55
USER_1438,2017-10-01,2019-01-10,2019-10-21,557,10
USER_0076,2017-10-01,2019-10-14,2019-12-16,5854,58
USER_0003,2017-11-01,2019-12-14,2019-12-14,1360,17
USER_0223,2017-11-01,2019-11-20,2019-12-10,3184,32
USER_1289,2017-11-01,2019-03-24,2019-11-03,5731,99
USER_0069,2017-11-01,2019-11-02,2019-11-02,4439,26
USER_1356,2017-11-01,2019-06-22,2019-12-15,173,13
USER_0101,2017-11-01,2019-03-04,2019-08-30,2831,33
USER_1299,2017-11-01,2019-07-08,2019-11-29,2413,15
USER_0108,2017-11-01,2019-06-27,2019-11-17,1914,25
USER_0202,2017-11-01,2019-02-10,2019-12-11,27282,366
USER_1287,2017-11-01,2019-01-25,2019-08-31,5097,65
USER_0234,2017-11-01,2019-03-02,2019-11-13,21617,242
USER_0249,2017-11-01,2019-08-28,2019-09-13,2065,40
USER_0049,2017-11-01,2019-09-18,2019-09-18,1409,29
USER_0457,2017-11-01,2019-01-31,2019-01-31,64,5
USER_0053,2017-11-01,2019-09-15,2019-09-15,1818,10
USER_0057,2017-11-01,2019-05-12,2019-12-10,4148,64
USER_0061,2017-11-01,2019-10-12,2019-12-11,2812,22
USER_0551,2017-11-01,2019-07-19,2019-07-19,731,23
USER_0842,2017-11-01,2019-02-08,2019-08-06,764,12
USER_0123,2017-11-01,2019-11-06,2019-11-06,5423,45
USER_1183,2017-11-01,2019-04-04,2019-11-11,3597,53
USER_0533,2017-11-01,2019-05-14,2019-05-14,660,14
USER_0610,2017-11-01,2019-01-29,2019-01-29,1420,20
USER_1405,2017-11-01,2019-10-22,2019-10-22,446,12
USER_0616,2017-11-01,2019-09-26,2019-09-26,243,4
USER_1140,2017-11-01,2019-03-11,2019-08-27,7772,90
USER_0626,2017-11-01,2019-08-02,2019-08-02,281,5
USER_0896,2017-11-01,2019-03-13,2019-07-22,667,17
USER_0733,2017-11-01,2019-01-29,2019-01-29,339,3
USER_0429,2017-11-01,2019-09-11,2019-09-11,124,3
USER_0277,2017-11-01,2019-10-15,2019-11-27,2368,16
USER_0295,2017-11-01,2019-03-17,2019-06-05,1895,26
USER_1465,2017-11-01,2019-04-05,2019-06-20,104,8
USER_0895,2017-11-01,2019-01-05,2019-05-26,5807,81
USER_1417,2017-11-01,2019-07-26,2019-07-26,81,5
USER_0776,2017-11-01,2019-01-09,2019-08-07,2437,43
USER_0640,2017-11-01,2019-02-08,2019-09-12,1600,12
USER_1266,2017-11-01,2019-12-19,2019-12-20,5721,45
USER_1267,2017-11-01,2019-01-03,2019-12-10,17818,213
USER_0232,2017-12-01,2019-10-26,2019-10-26,4944,76
USER_0940,2017-12-01,2019-02-13,2019-10-16,498,8
USER_0273,2017-12-01,2019-04-12,2019-07-08,1603,19
USER_0937,2017-12-01,2019-12-12,2019-12-12,1906,18
USER_0877,2017-12-01,2019-03-04,2019-03-04,368,4
USER_0768,2017-12-01,2019-11-27,2019-11-27,5144,28
USER_0607,2017-12-01,2019-01-18,2019-04-18,760,8
USER_0134,2017-12-01,2019-09-11,2019-09-11,617,11
USER_0820,2017-12-01,2019-01-18,2019-12-18,4591,28
USER_0488,2017-12-01,2019-08-14,2019-08-14,2197,29
USER_0790,2017-12-01,2019-04-19,2019-09-05,3955,41
USER_1171,2017-12-01,2019-12-04,2019-12-04,857,18
USER_0267,2017-12-01,2019-05-21,2019-11-27,2003,10
USER_0150,2017-12-01,2019-05-06,2019-05-06,1,1
USER_0755,2017-12-01,2019-02-07,2019-10-30,2467,24
USER_0546,2017-12-01,2019-10-16,2019-11-14,12680,75
USER_0822,2017-12-01,2019-07-21,2019-11-01,1372,5
USER_0824,2017-12-01,2019-09-07,2019-09-07,2015,53
USER_0454,2017-12-01,2019-05-22,2019-05-22,298,1
USER_0680,2017-12-01,2019-03-26,2019-03-26,533,8
USER_0867,2017-12-01,2019-01-03,2019-01-03,8193,64
USER_1231,2017-12-01,2019-05-19,2019-05-19,1295,8
USER_0960,2017-12-01,2019-06-20,2019-06-20,620,16
USER_0306,2017-12-01,2019-12-19,2019-12-19,1144,11
USER_1155,2017-12-01,2019-10-31,2019-10-31,322,18
USER_0248,2017-12-01,2019-04-14,2019-04-14,1405,21
USER_1212,2017-12-01,2019-11-27,2019-12-04,3310,26
USER_1347,2017-12-01,2019-01-02,2019-02-04,838,15
USER_0409,2017-12-01,2019-04-27,2019-04-27,1338,26
USER_0378,2017-12-01,2019-12-15,2019-12-15,354,7
USER_1420,2017-12-01,2019-04-12,2019-04-12,518,14
USER_1255,2017-12-01,2019-06-04,2019-06-05,6727,73
USER_0843,2017-12-01,2019-05-21,2019-10-28,562,8
USER_1149,2017-12-01,2019-02-17,2019-02-18,8671,117
USER_0880,2017-12-01,2019-03-06,2019-03-06,4223,49
USER_1433,2017-12-01,2019-02-15,2019-09-16,18971,250
USER_0312,2018-01-01,2019-01-16,2019-12-14,2041,34
USER_0007,2018-01-01,2019-12-07,2019-12-07,472,14
USER_0340,2018-01-01,2019-01-17,2019-08-01,6937,100
USER_0789,2018-01-01,2019-06-20,2019-06-21,6005,50
USER_0950,2018-01-01,2019-04-03,2019-08-30,686,12
USER_0774,2018-01-01,2019-05-23,2019-05-23,3,1
USER_0511,2018-01-01,2019-09-18,2019-09-18,1053,24
USER_0047,2018-01-01,2019-12-16,2019-12-16,5135,31
USER_1285,2018-01-01,2019-04-20,2019-09-19,6063,44
USER_0062,2018-01-01,2019-02-14,2019-12-21,12267,146
USER_1159,2018-01-01,2019-07-08,2019-07-08,93,2
USER_0718,2018-01-01,2019-01-16,2019-12-19,6376,88
USER_0385,2018-01-01,2019-09-15,2019-09-15,314,12
USER_0995,2018-01-01,2019-02-09,2019-05-21,1638,30
USER_1142,2018-01-01,2019-02-20,2019-02-20,139,3
USER_0173,2018-01-01,2019-06-14,2019-08-23,1168,6
USER_1103,2018-01-01,2019-08-02,2019-08-02,4315,48
USER_0161,2018-01-01,2019-10-16,2019-10-16,833,27
USER_0888,2018-01-01,2019-03-01,2019-08-22,2337,27
USER_0431,2018-01-01,2019-07-06,2019-12-05,600,7
USER_1117,2018-01-01,2019-05-03,2019-11-22,14613,125
USER_0151,2018-01-01,2019-06-15,2019-08-31,1354,17
USER_0862,2018-02-01,2019-08-01,2019-08-01,3841,13
USER_0014,2018-02-01,2019-09-28,2019-09-28,676,11
USER_0394,2018-02-01,2019-01-29,2019-01-29,465,5
USER_0038,2018-02-01,2019-08-06,2019-08-06,1294,42
USER_0535,2018-02-01,2019-11-26,2019-12-01,4782,45
USER_0723,2018-02-01,2019-07-23,2019-07-23,641,6
USER_1097,2018-02-01,2019-03-27,2019-05-22,1218,10
USER_1390,2018-02-01,2019-02-06,2019-09-03,6658,84
USER_0819,2018-02-01,2019-03-19,2019-08-04,82,2
USER_1273,2018-02-01,2019-04-13,2019-05-23,514,7
USER_0784,2018-02-01,2019-04-30,2019-05-25,6515,113
USER_0417,2018-02-01,2019-01-21,2019-10-28,3805,40
USER_0297,2018-02-01,2019-03-06,2019-03-06,911,10
USER_0124,2018-02-01,2019-04-05,2019-08-11,4127,88
USER_0489,2018-02-01,2019-09-01,2019-09-02,4151,76
USER_0292,2018-02-01,2019-03-21,2019-12-20,11216,149
USER_0324,2018-02-01,2019-07-21,2019-12-10,1084,8
USER_1094,2018-02-01,2019-08-14,2019-08-14,1493,19
USER_0550,2018-02-01,2019-12-08,2019-12-08,6701,56
USER_1188,2018-02-01,2019-12-22,2019-12-22,2257,21
USER_0381,2018-02-01,2019-12-04,2019-12-04,2048,13
USER_1290,2018-02-01,2019-07-13,2019-07-13,754,26
USER_0929,2018-02-01,2019-10-27,2019-11-15,1212,13
USER_0928,2018-02-01,2019-03-26,2019-03-26,1689,13
USER_0479,2018-02-01,2019-09-14,2019-09-14,581,3
USER_0791,2018-02-01,2019-01-22,2019-01-22,2053,26
USER_1087,2018-02-01,2019-02-14,2019-12-16,7530,92
USER_1074,2018-02-01,2019-10-20,2019-10-20,876,7
USER_0658,2018-02-01,2019-03-20,2019-03-20,297,5
USER_0282,2018-02-01,2019-01-18,2019-06-08,3679,49
USER_0939,2018-02-01,2019-04-20,2019-04-20,105,5
USER_0339,2018-02-01,2019-11-21,2019-11-21,2785,31
USER_0676,2018-02-01,2019-06-11,2019-06-11,367,11
USER_1201,2018-02-01,2019-04-05,2019-04-05,10,2
USER_0787,2018-03-01,2019-07-09,2019-11-18,2857,27
USER_0599,2018-03-01,2019-07-12,2019-07-12,140,8
USER_1443,2018-03-01,2019-08-13,2019-08-13,1318,15
USER_0085,2018-03-01,2019-01-09,2019-12-19,2988,34
USER_0783,2018-03-01,2019-01-03,2019-11-08,4464,46
USER_0125,2018-03-01,2019-12-08,2019-12-18,1404,13
USER_1130,2018-03-01,2019-02-17,2019-10-11,1100,23
USER_0467,2018-03-01,2019-09-12,2019-09-12,1008,8
USER_1294,2018-03-01,2019-09-07,2019-09-07,6585,100
USER_0836,2018-03-01,2019-01-25,2019-01-25,323,5
USER_0221,2018-03-01,2019-01-25,2019-01-26,1470,14
USER_1355,2018-03-01,2019-01-11,2019-12-14,46369,572
USER_0389,2018-03-01,2019-09-13,2019-10-05,2658,3
USER_0874,2018-03-01,2019-02-28,2019-02-28,9459,66
USER_0344,2018-03-01,2019-01-03,2019-01-03,154,1
USER_0158,2018-03-01,2019-06-11,2019-06-11,298,17
USER_1321,2018-03-01,2019-04-19,2019-04-19,37,3
USER_0006,2018-03-01,2019-05-26,2019-06-25,6965,91
USER_0153,2018-03-01,2019-03-18,2019-03-18,69,4
USER_0325,2018-03-01,2019-09-06,2019-09-06,1077,38
USER_0808,2018-03-01,2019-01-10,2019-01-10,2287,12
USER_1234,2018-03-01,2019-05-19,2019-12-03,4166,43
USER_0801,2018-03-01,2019-11-22,2019-11-23,3707,26
USER_1220,2018-03-01,2019-04-18,2019-04-18,24,4
USER_0631,2018-03-01,2019-03-19,2019-12-06,1413,22
USER_0356,2018-03-01,2019-03-23,2019-03-23,358,7
USER_0296,2018-03-01,2019-06-03,2019-06-21,1453,27
USER_0437,2018-03-01,2019-01-17,2019-09-09,5046,70
USER_0622,2018-03-01,2019-02-15,2019-12-28,4560,55
USER_0438,2018-03-01,2019-01-15,2019-01-15,3588,22
USER_0918,2018-03-01,2019-05-24,2019-05-24,504,17
USER_0620,2018-03-01,2019-02-13,2019-08-08,10630,146
USER_0084,2018-03-01,2019-08-24,2019-10-05,2740,51
USER_1027,2018-04-01,2019-08-01,2019-08-01,2105,26
USER_0052,2018-04-01,2019-08-13,2019-08-14,546,16
USER_0963,2018-04-01,2019-07-17,2019-07-17,776,11
USER_0104,2018-04-01,2019-03-01,2019-11-27,6806,65
USER_1434,2018-04-01,2019-03-20,2019-03-21,1720,30
USER_1402,2018-04-01,2019-05-15,2019-07-12,1030,12
USER_1083,2018-04-01,2019-04-17,2019-04-18,4609,66
USER_1089,2018-04-01,2019-03-15,2019-06-02,1630,19
USER_0304,2018-04-01,2019-06-20,2019-11-14,3489,52
USER_1269,2018-04-01,2019-12-21,2019-12-22,1010,11
USER_0346,2018-04-01,2019-08-02,2019-08-02,3,1
USER_0621,2018-04-01,2019-11-22,2019-11-22,3040,19
USER_0987,2018-04-01,2019-12-15,2019-12-15,38,3
USER_0210,2018-04-01,2019-07-06,2019-07-06,119,1
USER_0826,2018-04-01,2019-08-29,2019-12-07,5410,45
USER_1459,2018-04-01,2019-01-30,2019-11-27,5900,52
USER_1195,2018-04-01,2019-02-07,2019-10-04,9247,86
USER_1349,2018-04-01,2019-03-17,2019-03-18,1203,33
USER_0211,2018-04-01,2019-08-14,2019-09-04,2592,23
USER_0149,2018-04-01,2019-04-18,2019-09-07,3840,66
USER_0001,2018-04-01,2019-03-24,2019-11-02,13856,60
USER_0978,2018-04-01,2019-05-06,2019-05-06,1296,37
USER_0982,2018-04-01,2019-02-23,2019-05-06,1319,22
USER_0534,2018-04-01,2019-10-12,2019-10-12,935,4
USER_0509,2018-04-01,2019-04-24,2019-04-25,1498,21
USER_0352,2018-04-01,2019-03-22,2019-10-05,3356,32
USER_0931,2018-04-01,2019-03-16,2019-03-16,3,1
USER_0501,2018-04-01,2019-06-02,2019-11-21,1805,20
USER_0981,2018-04-01,2019-10-02,2019-10-02,28,4
USER_0674,2018-04-01,2019-08-08,2019-10-06,2480,30
USER_0700,2018-04-01,2019-04-16,2019-05-24,59,2
USER_0974,2018-04-01,2019-08-17,2019-08-17,263,8
USER_0685,2018-04-01,2019-01-24,2019-12-09,1177,20
USER_0321,2018-04-01,2019-08-28,2019-08-28,563,9
USER_0915,2018-04-01,2019-04-27,2019-04-27,607,7
USER_1186,2018-05-01,2019-05-01,2019-11-28,7530,69
USER_1189,2018-05-01,2019-03-05,2019-03-05,248,10
USER_1246,2018-05-01,2019-01-28,2019-06-22,1961,21
USER_1281,2018-05-01,2019-12-12,2019-12-12,207,4
USER_0128,2018-05-01,2019-06-26,2019-10-28,4058,56
USER_0247,2018-05-01,2019-05-31,2019-05-31,478,5
USER_0734,2018-05-01,2019-03-07,2019-03-07,3102,34
USER_0140,2018-05-01,2019-02-01,2019-11-27,11692,110
USER_1376,2018-05-01,2019-01-06,2019-03-26,5454,73
USER_0300,2018-05-01,2019-02-01,2019-09-22,3767,31
USER_1444,2018-05-01,2019-06-20,2019-07-12,2575,33
USER_0706,2018-05-01,2019-12-07,2019-12-07,149,20
USER_0162,2018-05-01,2019-08-08,2019-08-08,195,6
USER_0698,2018-05-01,2019-05-02,2019-10-16,3620,45
USER_0667,2018-05-01,2019-03-05,2019-12-05,26699,315
USER_0844,2018-05-01,2019-06-26,2019-06-26,1866,12
USER_0845,2018-05-01,2019-12-31,2019-12-31,738,5
USER_0904,2018-05-01,2019-03-31,2019-04-06,6408,70
USER_0912,2018-05-01,2019-10-28,2019-10-28,1030,17
USER_0942,2018-05-01,2019-05-26,2019-12-03,1359,36
USER_0980,2018-05-01,2019-04-03,2019-04-04,791,21
USER_0812,2018-05-01,2019-06-12,2019-08-30,4233,50
USER_1008,2018-05-01,2019-12-07,2019-12-07,2487,31
USER_1023,2018-05-01,2019-05-30,2019-05-30,1431,16
USER_1249,2018-05-01,2019-01-02,2019-01-02,545,7
USER_0516,2018-05-01,2019-04-19,2019-10-03,20,2
USER_1063,2018-05-01,2019-05-16,2019-05-16,551,20
USER_1078,2018-05-01,2019-03-24,2019-08-29,2847,30
USER_1120,2018-05-01,2019-01-13,2019-10-03,1475,11
USER_0460,2018-05-01,2019-06-22,2019-06-22,929,11
USER_1158,2018-05-01,2019-05-07,2019-07-06,5275,86
USER_0106,2018-05-01,2019-08-21,2019-08-21,530,11
USER_0451,2018-05-01,2019-12-27,2019-12-27,4266,30
USER_1165,2018-05-01,2019-08-08,2019-08-08,2601,29
USER_0448,2018-05-01,2019-08-24,2019-08-24,96,3
USER_1179,2018-05-01,2019-05-24,2019-05-25,1391,28
USER_1450,2018-06-01,2019-12-08,2019-12-08,4739,23
USER_0969,2018-06-01,2019-09-27,2019-09-27,202,4
USER_0525,2018-06-01,2019-01-23,2019-12-21,1953,17
USER_0336,2018-06-01,2019-10-23,2019-10-23,238,1
USER_1180,2018-06-01,2019-02-07,2019-04-17,9066,77
USER_0269,2018-06-01,2019-11-13,2019-11-13,2348,17
USER_0802,2018-06-01,2019-04-06,2019-07-11,2639,49
USER_0941,2018-06-01,2019-01-25,2019-01-25,727,20
USER_0465,2018-06-01,2019-01-31,2019-01-31,258,3
USER_1412,2018-06-01,2019-03-31,2019-03-31,4823,66
USER_0418,2018-06-01,2019-05-02,2019-09-28,5329,44
USER_1415,2018-06-01,2019-02-11,2019-12-05,8621,96
USER_1052,2018-06-01,2019-06-14,2019-12-08,3075,60
USER_0775,2018-06-01,2019-06-13,2019-06-13,221,8
USER_0865,2018-06-01,2019-03-23,2019-03-23,3299,44
USER_1032,2018-06-01,2019-04-10,2019-04-10,56,6
USER_0983,2018-06-01,2019-08-28,2019-09-26,6577,60
USER_0480,2018-06-01,2019-03-04,2019-03-04,910,15
USER_0647,2018-06-01,2019-07-13,2019-07-13,38,1
USER_0241,2018-06-01,2019-05-12,2019-09-12,346,21
USER_0432,2018-06-01,2019-08-27,2019-08-27,1118,11
USER_0456,2018-06-01,2019-02-04,2019-07-18,3260,37
USER_0166,2018-06-01,2019-08-26,2019-10-12,889,20
USER_0483,2018-06-01,2019-04-05,2019-11-11,3046,34
USER_0182,2018-06-01,2019-01-30,2019-01-30,207,3
USER_1382,2018-06-01,2019-01-04,2019-11-21,11437,105
USER_1136,2018-06-01,2019-06-13,2019-10-17,1569,32
USER_1364,2018-07-01,2019-09-27,2019-09-27,1026,11
USER_0035,2018-07-01,2019-03-06,2019-11-01,6771,36
USER_0377,2018-07-01,2019-12-20,2019-12-20,3253,23
USER_1301,2018-07-01,2019-06-12,2019-06-12,16,1
USER_0407,2018-07-01,2019-01-29,2019-09-25,3244,51
USER_1210,2018-07-01,2019-04-19,2019-04-19,19,1
USER_1297,2018-07-01,2019-05-11,2019-05-11,2341,53
USER_1256,2018-07-01,2019-03-19,2019-08-17,2556,74
USER_0868,2018-07-01,2019-11-15,2019-12-04,1291,9
USER_0651,2018-07-01,2019-09-08,2019-09-08,845,16
USER_0505,2018-07-01,2019-12-11,2019-12-11,604,14
USER_0614,2018-07-01,2019-09-27,2019-10-03,8507,35
USER_0434,2018-07-01,2019-12-12,2019-12-12,2076,20
USER_0478,2018-07-01,2019-05-12,2019-11-12,3139,25
USER_0681,2018-07-01,2019-12-25,2019-12-26,2552,23
USER_1017,2018-07-01,2019-08-10,2019-08-10,1573,33
USER_1110,2018-07-01,2019-03-22,2019-09-21,6250,76
USER_1172,2018-07-01,2019-05-28,2019-05-29,2036,25
USER_0354,2018-07-01,2019-09-05,2019-09-05,3179,36
USER_0670,2018-07-01,2019-03-07,2019-03-07,829,23
USER_0265,2018-07-01,2019-06-13,2019-06-13,1187,14
USER_1237,2018-07-01,2019-01-22,2019-12-22,2742,19
USER_0765,2018-07-01,2019-02-24,2019-03-15,6248,87
USER_0528,2018-07-01,2019-04-14,2019-04-14,369,10
USER_1035,2018-07-01,2019-12-05,2019-12-05,3083,18
USER_1312,2018-07-01,2019-03-22,2019-12-04,5108,61
USER_0606,2018-07-01,2019-08-09,2019-08-09,865,7
USER_0586,2018-08-01,2019-10-04,2019-10-14,5200,28
USER_0911,2018-08-01,2019-01-22,2019-08-19,535,6
USER_1069,2018-08-01,2019-06-14,2019-09-05,3071,47
USER_1207,2018-08-01,2019-05-18,2019-12-27,2227,25
USER_1003,2018-08-01,2019-08-15,2019-10-27,2979,27
USER_1002,2018-08-01,2019-11-05,2019-11-05,5846,41
USER_1456,2018-08-01,2019-01-15,2019-08-30,2485,17
USER_1245,2018-08-01,2019-04-13,2019-04-13,160,2
USER_0708,2018-08-01,2019-07-12,2019-07-12,51,3
USER_1105,2018-08-01,2019-09-28,2019-09-28,40,1
USER_1112,2018-08-01,2019-04-20,2019-04-20,3439,34
USER_1113,2018-08-01,2019-09-30,2019-09-30,1052,13
USER_0475,2018-08-01,2019-01-30,2019-01-30,17,2
USER_0827,2018-08-01,2019-05-12,2019-05-12,913,6
USER_0293,2018-08-01,2019-01-25,2019-12-12,4005,42
USER_1407,2018-08-01,2019-05-02,2019-11-21,2900,40
USER_0837,2018-08-01,2019-01-22,2019-11-28,2096,37
USER_0788,2018-08-01,2019-03-30,2019-09-27,8206,76
USER_0688,2018-08-01,2019-08-03,2019-08-03,275,8
USER_0590,2018-08-01,2019-03-07,2019-05-24,1710,13
USER_0384,2018-08-01,2019-12-13,2019-12-13,751,10
USER_0116,2018-08-01,2019-10-23,2019-10-24,9402,56
USER_0833,2018-08-01,2019-07-27,2019-12-18,16009,175
USER_0252,2018-08-01,2019-09-18,2019-09-18,2525,39
USER_0393,2018-08-01,2019-07-13,2019-07-13,7,1
USER_0899,2018-08-01,2019-05-09,2019-05-09,8346,118
USER_0925,2018-08-01,2019-07-20,2019-08-16,934,10
USER_0921,2018-08-01,2019-08-01,2019-08-01,20,2
USER_0226,2018-08-01,2019-04-29,2019-11-25,17812,130
USER_0016,2018-09-01,2019-07-31,2019-08-22,2846,26
USER_0503,2018-09-01,2019-03-16,2019-10-19,2357,14
USER_1387,2018-09-01,2019-02-04,2019-07-26,54,2
USER_1146,2018-09-01,2019-05-24,2019-05-24,618,18
USER_1028,2018-09-01,2019-05-23,2019-12-04,1899,18
USER_0096,2018-09-01,2019-04-12,2019-09-30,9921,77
USER_1399,2018-09-01,2019-04-17,2019-04-17,492,12
USER_1129,2018-09-01,2019-01-10,2019-08-06,1264,16
USER_1257,2018-09-01,2019-06-04,2019-06-04,1042,9
USER_0781,2018-09-01,2019-08-28,2019-08-28,19,1
USER_0185,2018-09-01,2019-07-07,2019-07-07,170,6
USER_1039,2018-09-01,2019-03-16,2019-03-16,654,9
USER_1154,2018-09-01,2019-12-15,2019-12-15,1251,17
USER_0809,2018-09-01,2019-09-22,2019-09-22,519,10
USER_0910,2018-09-01,2019-06-13,2019-06-13,916,15
USER_0263,2018-09-01,2019-09-23,2019-10-23,2166,29
USER_0539,2018-09-01,2019-05-23,2019-05-23,887,26
USER_0251,2018-09-01,2019-01-05,2019-01-05,1286,6
USER_0397,2018-09-01,2019-04-21,2019-10-04,2613,44
USER_0136,2018-09-01,2019-06-01,2019-10-03,1024,12
USER_1313,2018-09-01,2019-04-05,2019-04-05,988,15
USER_0627,2018-09-01,2019-01-28,2019-06-12,4516,29
USER_0492,2018-09-01,2019-03-06,2019-06-22,1329,14
USER_0330,2018-09-01,2019-05-08,2019-12-19,4407,61
USER_0194,2018-09-01,2019-09-06,2019-09-06,179,9
USER_1084,2018-09-01,2019-05-31,2019-05-31,3653,55
USER_0919,2018-09-01,2019-10-06,2019-10-06,2058,28
USER_1461,2018-09-01,2019-12-13,2019-12-13,2397,21
USER_0711,2018-09-01,2019-11-03,2019-11-03,250,2
USER_0743,2018-09-01,2019-08-17,2019-08-17,724,17
USER_1378,2018-09-01,2019-01-04,2019-01-04,5304,58
USER_0036,2018-10-01,2019-05-18,2019-11-28,3200,27
USER_0086,2018-10-01,2019-10-02,2019-10-02,766,5
USER_0230,2018-10-01,2019-08-07,2019-08-22,3363,40
USER_1250,2018-10-01,2019-03-04,2019-08-17,2184,50
USER_0258,2018-10-01,2019-08-25,2019-09-30,763,14
USER_0629,2018-10-01,2019-12-27,2019-12-27,163,2
USER_0262,2018-10-01,2019-12-23,2019-12-23,4332,34
USER_0917,2018-10-01,2019-03-29,2019-03-29,2942,22
USER_0268,2018-10-01,2019-04-19,2019-04-19,738,21
USER_1051,2018-10-01,2019-05-14,2019-08-22,1366,20
USER_1354,2018-10-01,2019-01-27,2019-04-20,3202,43
USER_0568,2018-10-01,2019-01-30,2019-05-19,1761,36
USER_1426,2018-10-01,2019-08-18,2019-11-29,1221,21
USER_0363,2018-10-01,2019-07-14,2019-07-14,123,9
USER_0544,2018-10-01,2019-10-20,2019-10-23,4908,29
USER_0773,2018-10-01,2019-02-10,2019-10-05,1435,21
USER_0778,2018-10-01,2019-03-21,2019-10-14,11427,163
USER_0311,2018-10-01,2019-03-21,2019-03-21,1547,24
USER_1206,2018-10-01,2019-12-24,2019-12-24,121,1
USER_0412,2018-10-01,2019-01-04,2019-07-26,114,5
USER_1344,2018-10-01,2019-05-16,2019-10-14,9197,119
USER_0025,2018-10-01,2019-01-02,2019-11-21,5607,44
USER_0350,2018-10-01,2019-07-29,2019-07-30,3989,69
USER_0886,2018-11-01,2019-04-16,2019-04-16,459,2
USER_0446,2018-11-01,2019-03-20,2019-09-09,419,14
USER_1222,2018-11-01,2019-04-02,2019-04-03,10877,161
USER_0301,2018-11-01,2019-04-06,2019-04-06,1572,30
USER_0998,2018-11-01,2019-06-14,2019-06-14,2424,40
USER_0510,2018-11-01,2019-06-07,2019-11-27,3685,47
USER_0078,2018-11-01,2019-09-26,2019-11-05,4380,75
USER_0070,2018-11-01,2019-09-30,2019-09-30,903,12
USER_0119,2018-11-01,2019-05-05,2019-08-01,1994,52
USER_1305,2018-11-01,2019-04-18,2019-04-18,929,9
USER_1351,2018-11-01,2019-02-06,2019-05-08,752,14
USER_0964,2018-11-01,2019-03-24,2019-03-24,665,16
USER_0442,2018-11-01,2019-05-04,2019-05-04,2340,51
USER_0398,2018-11-01,2019-04-17,2019-09-11,4189,52
USER_0056,2018-11-01,2019-08-12,2019-11-08,19018,187
USER_0566,2018-11-01,2019-04-07,2019-07-27,525,6
USER_1240,2018-11-01,2019-01-31,2019-01-31,22,3
USER_0183,2018-11-01,2019-02-03,2019-02-03,4563,67
USER_0966,2018-11-01,2019-03-24,2019-08-01,393,15
USER_0318,2018-11-01,2019-12-02,2019-12-02,2784,19
USER_0600,2018-11-01,2019-11-11,2019-11-11,2085,11
USER_1134,2018-11-01,2019-06-13,2019-07-13,306,6
USER_0821,2018-11-01,2019-04-11,2019-04-11,590,10
USER_1346,2018-11-01,2019-01-24,2019-01-24,616,12
USER_1359,2018-11-01,2019-01-17,2019-01-17,1400,17
USER_0088,2018-11-01,2019-06-09,2019-06-09,38,2
USER_1178,2018-11-01,2019-03-15,2019-03-16,7162,72
USER_0894,2018-11-01,2019-12-08,2019-12-08,118,4
USER_0891,2018-12-01,2019-10-20,2019-10-20,2725,35
USER_0636,2018-12-01,2019-06-15,2019-06-15,917,13
USER_0858,2018-12-01,2019-01-29,2019-01-29,24,2
USER_1310,2018-12-01,2019-10-10,2019-10-11,7797,44
USER_0735,2018-12-01,2019-03-06,2019-03-06,252,5
USER_1328,2018-12-01,2019-04-01,2019-11-03,5693,80
USER_1345,2018-12-01,2019-08-10,2019-08-10,477,12
USER_0829,2018-12-01,2019-09-08,2019-11-21,3495,48
USER_0672,2018-12-01,2019-11-16,2019-11-16,2917,22
USER_1366,2018-12-01,2019-05-01,2019-06-28,4818,42
USER_0545,2018-12-01,2019-12-19,2019-12-19,1401,11
USER_1370,2018-12-01,2019-04-24,2019-04-24,1834,26
USER_1384,2018-12-01,2019-01-17,2019-01-17,20,1
USER_1398,2018-12-01,2019-01-24,2019-01-24,5124,65
USER_1422,2018-12-01,2019-05-23,2019-11-16,2870,36
USER_0285,2018-12-01,2019-08-11,2019-08-11,1571,48
USER_0260,2018-12-01,2019-07-15,2019-07-15,658,21
USER_1085,2018-12-01,2019-05-23,2019-05-23,31,1
USER_0997,2018-12-01,2019-05-24,2019-05-24,457,10
USER_1104,2018-12-01,2019-02-01,2019-02-02,7022,69
USER_0965,2018-12-01,2019-08-15,2019-08-15,2234,35
USER_0253,2018-12-01,2019-06-12,2019-06-12,45,1
USER_0452,2018-12-01,2019-06-08,2019-06-08,322,4
USER_0615,2018-12-01,2019-10-13,2019-10-13,480,6
USER_1193,2018-12-01,2019-01-23,2019-01-23,1836,10
USER_0913,2018-12-01,2019-01-13,2019-01-13,1408,8
USER_1358,2018-12-01,2019-01-01,2019-01-26,34578,297
USER_1224,2018-12-01,2019-01-11,2019-06-05,3082,47
USER_1243,2019-01-01,2019-05-30,2019-11-17,4395,48
USER_0957,2019-01-01,2019-05-24,2019-05-24,663,3
USER_0120,2019-01-01,2019-12-21,2019-12-21,3730,37
USER_1229,2019-01-01,2019-08-18,2019-08-18,4340,79
USER_0033,2019-01-01,2019-01-18,2019-12-16,13922,128
USER_0142,2019-01-01,2019-11-17,2019-12-03,2021,23
USER_0430,2019-01-01,2019-04-30,2019-07-07,1043,17
USER_0447,2019-01-01,2019-01-23,2019-12-16,20989,88
USER_0388,2019-01-01,2019-07-14,2019-07-14,326,7
USER_1319,2019-01-01,2019-06-08,2019-06-08,2803,25
USER_0322,2019-01-01,2019-10-17,2019-11-27,1884,24
USER_0804,2019-01-01,2019-12-11,2019-12-11,1366,12
USER_0884,2019-01-01,2019-08-23,2019-12-07,1066,18
USER_0712,2019-01-01,2019-10-19,2019-10-20,2506,28
USER_1396,2019-01-01,2019-05-19,2019-05-19,112,7
USER_1036,2019-01-01,2019-10-02,2019-10-03,4980,35
USER_0869,2019-01-01,2019-02-26,2019-11-03,11920,138
USER_1064,2019-01-01,2019-04-30,2019-04-30,3459,46
USER_1233,2019-01-01,2019-11-28,2019-11-28,2107,17
USER_0701,2019-01-01,2019-08-18,2019-11-29,1416,10
USER_0547,2019-01-01,2019-04-27,2019-10-20,2655,11
USER_1300,2019-01-01,2019-06-03,2019-08-17,1211,12
USER_1079,2019-01-01,2019-03-27,2019-12-10,5544,75
USER_1091,2019-01-01,2019-01-16,2019-01-16,233,5
USER_1272,2019-01-01,2019-06-06,2019-06-06,350,9
USER_0902,2019-02-01,2019-04-10,2019-12-09,6053,50
USER_0206,2019-02-01,2019-03-04,2019-07-31,364,5
USER_0807,2019-02-01,2019-03-18,2019-12-01,1370,17
USER_1092,2019-02-01,2019-02-13,2019-11-27,1524,26
USER_0037,2019-02-01,2019-12-05,2019-12-05,253,2
USER_1019,2019-02-01,2019-08-02,2019-08-02,614,11
USER_0527,2019-02-01,2019-07-01,2019-08-08,5656,70
USER_1213,2019-02-01,2019-06-26,2019-12-26,7928,85
USER_0072,2019-02-01,2019-08-17,2019-08-17,572,9
USER_0756,2019-02-01,2019-06-16,2019-09-28,10073,138
USER_0087,2019-02-01,2019-08-22,2019-09-19,86,4
USER_0386,2019-02-01,2019-10-18,2019-10-18,666,11
USER_1187,2019-02-01,2019-03-15,2019-12-14,7629,49
USER_1116,2019-02-01,2019-03-10,2019-05-31,7026,65
USER_0013,2019-02-01,2019-02-09,2019-07-20,1390,32
USER_0664,2019-02-01,2019-09-01,2019-09-01,3107,64
USER_1421,2019-02-01,2019-01-02,2019-01-02,1834,13
USER_0209,2019-02-01,2019-04-17,2019-12-24,8509,93
USER_1419,2019-02-01,2019-09-06,2019-09-06,5035,77
USER_0193,2019-02-01,2019-03-27,2019-12-27,10421,103
USER_0413,2019-02-01,2019-01-17,2019-08-01,258,15
USER_0726,2019-02-01,2019-04-19,2019-07-06,1624,21
USER_0515,2019-02-01,2019-04-14,2019-11-06,5224,31
USER_0938,2019-02-01,2019-03-04,2019-12-10,11517,124
USER_0459,2019-02-01,2019-04-05,2019-12-09,845,22
USER_0410,2019-02-01,2019-08-24,2019-11-22,7616,67
USER_1145,2019-02-01,2019-12-06,2019-12-07,1643,18
USER_0064,2019-02-01,2019-06-12,2019-06-12,6003,67
USER_0818,2019-02-01,2019-01-29,2019-01-29,1723,17
USER_0823,2019-02-01,2019-06-12,2019-06-12,350,2
USER_1153,2019-02-01,2019-01-15,2019-07-14,2247,30
USER_0900,2019-02-01,2019-06-07,2019-06-07,1605,20
USER_1391,2019-02-01,2019-01-31,2019-12-13,9883,81
USER_0403,2019-02-01,2019-01-09,2019-01-09,949,9
USER_1067,2019-03-01,2019-06-15,2019-06-15,2198,30
USER_0500,2019-03-01,2019-02-08,2019-02-08,4375,34
USER_0022,2019-03-01,2019-07-12,2019-07-12,726,16
USER_0933,2019-03-01,2019-03-01,2019-07-07,3098,28
USER_0235,2019-03-01,2019-05-25,2019-05-25,1798,32
USER_0032,2019-03-01,2019-11-10,2019-11-10,1376,12
USER_0860,2019-03-01,2019-01-25,2019-12-10,480,6
USER_1430,2019-03-01,2019-02-12,2019-09-17,3371,72
USER_1265,2019-03-01,2019-10-01,2019-10-01,2162,27
USER_0757,2019-03-01,2019-04-19,2019-04-19,315,1
USER_0934,2019-03-01,2019-06-02,2019-08-18,2361,38
USER_1197,2019-03-01,2019-02-10,2019-10-05,5798,64
USER_0392,2019-03-01,2019-05-22,2019-05-22,143,3
USER_0117,2019-03-01,2019-03-01,2019-09-28,1740,20
USER_1216,2019-03-01,2019-11-21,2019-11-21,2511,16
USER_1413,2019-03-01,2019-05-25,2019-05-25,819,6
USER_0944,2019-03-01,2019-01-26,2019-08-18,1597,12
USER_1124,2019-03-01,2019-06-22,2019-06-22,1008,19
USER_1282,2019-03-01,2019-01-26,2019-01-26,1245,27
USER_0893,2019-03-01,2019-03-29,2019-07-19,315,5
USER_0581,2019-03-01,2019-03-21,2019-03-21,1635,15
USER_0687,2019-03-01,2019-01-20,2019-01-20,2624,16
USER_0661,2019-03-01,2019-03-22,2019-03-27,4630,48
USER_1340,2019-03-01,2019-11-02,2019-11-02,2142,28
USER_1209,2019-03-01,2019-07-12,2019-11-03,154,9
USER_1065,2019-03-01,2019-10-16,2019-10-16,1920,14
USER_0948,2019-03-01,2019-03-21,2019-03-21,1161,12
USER_0169,2019-03-01,2019-04-10,2019-04-11,597,16
USER_0015,2019-04-01,2019-12-21,2019-12-21,2303,26
USER_0580,2019-04-01,2019-08-06,2019-08-06,2238,34
USER_0227,2019-04-01,2019-03-09,2019-09-08,5661,63
USER_0046,2019-04-01,2019-08-02,2019-11-20,10045,160
USER_0059,2019-04-01,2019-08-30,2019-10-23,1484,39
USER_0065,2019-04-01,2019-07-20,2019-11-05,5681,76
USER_0686,2019-04-01,2019-10-20,2019-10-20,1804,9
USER_0233,2019-04-01,2019-03-23,2019-03-23,3613,23
USER_0310,2019-04-01,2019-08-11,2019-08-11,958,13
USER_1447,2019-04-01,2019-08-26,2019-09-18,414,10
USER_1225,2019-04-01,2019-12-05,2019-12-05,1901,19
USER_0433,2019-04-01,2019-07-08,2019-07-08,15,1
USER_1200,2019-04-01,2019-03-10,2019-03-11,5216,87
USER_0878,2019-04-01,2019-11-08,2019-11-08,5816,42
USER_0662,2019-04-01,2019-03-10,2019-03-10,815,14
USER_0853,2019-04-01,2019-10-13,2019-10-14,1759,17
USER_1176,2019-04-01,2019-05-08,2019-11-20,3311,37
USER_0536,2019-04-01,2019-05-11,2019-08-04,10653,183
USER_0147,2019-04-01,2019-01-09,2019-11-12,5424,46
USER_1330,2019-04-01,2019-01-17,2019-01-17,1880,18
USER_1341,2019-04-01,2019-02-04,2019-09-27,7018,79
USER_1230,2019-04-01,2019-07-27,2019-10-27,2674,42
USER_0673,2019-04-01,2019-12-02,2019-12-03,5973,61
USER_1357,2019-04-01,2019-08-14,2019-08-14,1400,8
USER_1217,2019-04-01,2019-12-20,2019-12-20,1632,10
USER_0814,2019-04-01,2019-08-30,2019-08-30,900,20
USER_0632,2019-04-01,2019-01-30,2019-01-30,32,3
USER_0329,2019-04-01,2019-10-06,2019-10-07,4189,62
USER_1252,2019-05-01,2019-11-25,2019-11-25,6632,43
USER_1406,2019-05-01,2019-01-16,2019-01-16,1618,28
USER_0507,2019-05-01,2019-06-14,2019-06-14,240,8
USER_0280,2019-05-01,2019-10-27,2019-10-27,282,6
USER_1014,2019-05-01,2019-07-21,2019-07-21,11,1
USER_0713,2019-05-01,2019-02-17,2019-04-05,307,11
USER_0098,2019-05-01,2019-06-28,2019-10-27,1321,15
USER_0450,2019-05-01,2019-03-06,2019-10-26,4733,47
USER_0562,2019-05-01,2019-12-31,2019-12-31,729,2
USER_0347,2019-05-01,2019-11-03,2019-11-03,963,8
USER_1264,2019-05-01,2019-06-12,2019-06-12,258,10
USER_1393,2019-05-01,2019-03-02,2019-11-19,4665,92
USER_0472,2019-05-01,2019-04-27,2019-04-27,2952,32
USER_0420,2019-05-01,2019-01-09,2019-01-09,1217,13
USER_1122,2019-05-01,2019-12-20,2019-12-21,2090,14
USER_0785,2019-05-01,2019-08-19,2019-10-23,3908,67
USER_1332,2019-05-01,2019-05-31,2019-08-16,692,12
USER_1132,2019-05-01,2019-12-14,2019-12-14,42,2
USER_0481,2019-05-01,2019-08-18,2019-08-18,214,2
USER_0493,2019-05-01,2019-04-13,2019-04-13,1271,11
USER_1114,2019-05-01,2019-01-23,2019-01-23,3022,50
USER_1082,2019-05-01,2019-08-21,2019-08-21,3152,53
USER_0839,2019-05-01,2019-03-28,2019-04-18,2128,21
USER_0675,2019-05-01,2019-01-26,2019-10-27,15150,170
USER_1379,2019-05-01,2019-04-25,2019-12-13,1673,40
USER_0353,2019-05-01,2019-01-14,2019-12-13,6829,67
USER_0256,2019-05-01,2019-04-07,2019-04-07,79,1
USER_1050,2019-05-01,2019-04-10,2019-11-09,4053,52
USER_0364,2019-05-01,2019-10-12,2019-12-19,3005,24
USER_0956,2019-05-01,2019-04-18,2019-07-17,4297,60
USER_1151,2019-05-01,2019-09-07,2019-09-07,3307,23
USER_0678,2019-06-01,2019-03-08,2019-10-16,4427,56
USER_0476,2019-06-01,2019-08-22,2019-08-22,1450,29
USER_0817,2019-06-01,2019-06-09,2019-06-09,1249,20
USER_0109,2019-06-01,2019-10-11,2019-10-11,919,12
USER_0137,2019-06-01,2019-12-05,2019-12-06,2876,39
USER_0343,2019-06-01,2019-10-10,2019-10-11,8280,96
USER_1098,2019-06-01,2019-05-02,2019-07-09,2958,70
USER_0975,2019-06-01,2019-02-15,2019-12-20,846,13
USER_1128,2019-06-01,2019-06-03,2019-06-03,390,12
USER_0637,2019-06-01,2019-08-06,2019-08-06,502,10
USER_0376,2019-06-01,2019-06-28,2019-11-27,12114,71
USER_1326,2019-06-01,2019-10-05,2019-10-05,517,10
USER_0496,2019-06-01,2019-01-18,2019-04-09,1524,23
USER_0850,2019-06-01,2019-02-22,2019-12-30,20126,210
USER_1397,2019-06-01,2019-03-29,2019-12-12,12725,89
USER_1211,2019-06-01,2019-11-07,2019-11-07,3830,24
USER_1296,2019-06-01,2019-03-19,2019-03-19,119,1
USER_1011,2019-06-01,2019-11-17,2019-11-18,1937,26
USER_1394,2019-06-01,2019-02-01,2019-02-01,4643,48
USER_0348,2019-06-01,2019-03-20,2019-06-13,1668,16
USER_0803,2019-06-01,2019-07-14,2019-07-14,613,3
USER_0861,2019-06-01,2019-07-20,2019-07-20,139,7
USER_0530,2019-06-01,2019-01-20,2019-01-21,534,4
USER_0970,2019-06-01,2019-08-08,2019-11-22,1889,43
USER_0415,2019-06-01,2019-04-03,2019-11-21,3719,41
USER_1226,2019-06-01,2019-07-02,2019-07-03,4716,42
USER_1427,2019-06-01,2019-07-10,2019-07-16,1424,16
USER_0764,2019-06-01,2019-09-28,2019-09-30,345,6
USER_0291,2019-06-01,2019-07-12,2019-07-12,264,11
USER_1446,2019-06-01,2019-08-04,2019-09-12,1826,35
USER_1317,2019-06-01,2019-01-14,2019-09-11,6784,76
USER_0290,2019-06-01,2019-03-16,2019-03-16,3,1
USER_0548,2019-06-01,2019-05-15,2019-05-15,4490,57
USER_1239,2019-06-01,2019-06-22,2019-12-28,7373,62
USER_1005,2019-06-01,2019-08-26,2019-08-26,10,1
USER_0276,2019-06-01,2019-12-16,2019-12-16,1203,16
USER_1170,2019-07-01,2019-06-15,2019-06-15,1824,16
USER_0800,2019-07-01,2019-01-27,2019-06-16,10056,159
USER_1131,2019-07-01,2019-06-13,2019-12-12,3901,33
USER_0794,2019-07-01,2019-11-13,2019-11-22,9151,62
USER_1055,2019-07-01,2019-03-29,2019-07-07,8003,106
USER_0369,2019-07-01,2019-02-10,2019-02-11,6457,52
USER_0208,2019-07-01,2019-11-01,2019-11-03,2366,21
USER_1192,2019-07-01,2019-05-16,2019-09-26,6457,85
USER_0368,2019-07-01,2019-10-30,2019-10-30,1106,9
USER_0174,2019-07-01,2019-04-29,2019-09-05,157,2
USER_0320,2019-07-01,2019-06-03,2019-06-03,1070,15
USER_0113,2019-07-01,2019-07-29,2019-11-20,2895,43
USER_0441,2019-07-01,2019-01-29,2019-12-18,8397,86
USER_0110,2019-07-01,2019-08-19,2019-08-19,549,13
USER_0105,2019-07-01,2019-04-12,2019-07-06,1946,18
USER_1304,2019-07-01,2019-10-05,2019-10-05,14,1
USER_1442,2019-07-01,2019-01-30,2019-06-05,3791,44
USER_1343,2019-07-01,2019-02-16,2019-11-23,9724,78
USER_0406,2019-07-01,2019-04-09,2019-04-10,4230,27
USER_0424,2019-07-01,2019-03-09,2019-12-18,11907,171
USER_0560,2019-07-01,2019-01-10,2019-01-11,4678,31
USER_1392,2019-07-01,2019-01-23,2019-01-23,4439,35
USER_0289,2019-07-01,2019-08-16,2019-08-28,539,13
USER_0901,2019-07-01,2019-05-07,2019-05-07,3633,24
USER_1460,2019-07-01,2019-07-04,2019-11-28,7693,55
USER_0930,2019-07-01,2019-06-08,2019-07-11,2423,19
USER_1463,2019-07-01,2019-04-05,2019-04-05,542,7
USER_1072,2019-07-01,2019-01-30,2019-01-30,137,2
USER_0200,2019-07-01,2019-02-09,2019-08-31,19605,261
USER_0370,2019-07-01,2019-03-28,2019-12-19,6909,55
USER_1046,2019-08-01,2019-07-28,2019-07-28,733,29
USER_1022,2019-08-01,2019-08-23,2019-08-23,497,2
USER_0577,2019-08-01,2019-12-11,2019-12-11,4944,26
USER_0669,2019-08-01,2019-07-24,2019-12-12,3947,49
USER_0653,2019-08-01,2019-06-23,2019-06-24,4558,50
USER_1416,2019-08-01,2019-04-04,2019-10-01,1209,11
USER_0979,2019-08-01,2019-12-12,2019-12-12,1767,10
USER_0067,2019-08-01,2019-07-14,2019-07-24,3799,74
USER_0091,2019-08-01,2019-09-09,2019-09-09,1771,23
USER_0099,2019-08-01,2019-10-14,2019-10-14,1709,9
USER_0163,2019-08-01,2019-04-11,2019-04-11,715,16
USER_0771,2019-08-01,2019-07-10,2019-07-11,6235,58
USER_0203,2019-08-01,2019-01-16,2019-09-30,1336,13
USER_0229,2019-08-01,2019-11-24,2019-11-24,467,8
USER_0644,2019-08-01,2019-06-09,2019-06-09,618,17
USER_0761,2019-08-01,2019-09-15,2019-09-15,1137,7
USER_0641,2019-08-01,2019-01-18,2019-05-24,4551,40
USER_0240,2019-08-01,2019-12-20,2019-12-20,2212,26
USER_0571,2019-08-01,2019-06-22,2019-07-12,1135,18
USER_0499,2019-08-01,2019-01-30,2019-08-11,3526,63
USER_0494,2019-08-01,2019-10-12,2019-10-12,1554,8
USER_0834,2019-08-01,2019-04-26,2019-04-26,3603,41
USER_0371,2019-08-01,2019-06-02,2019-06-02,1236,28
USER_0594,2019-08-01,2019-02-06,2019-06-23,6633,90
USER_1232,2019-08-01,2019-05-06,2019-11-03,8345,95
USER_0584,2019-08-01,2019-05-08,2019-05-08,3094,44
USER_0225,2019-08-01,2019-01-30,2019-01-30,17,1
USER_1031,2019-08-01,2019-09-05,2019-09-05,2,1
USER_0815,2019-08-01,2019-03-27,2019-03-27,2146,19
USER_1324,2019-08-01,2019-08-04,2019-08-04,24,3
USER_0854,2019-08-01,2019-06-08,2019-06-08,926,16
USER_0811,2019-08-01,2019-08-08,2019-08-08,97,3
USER_0217,2019-08-01,2019-06-09,2019-06-10,4325,61
USER_0663,2019-08-01,2019-04-04,2019-04-05,1796,30
USER_1385,2019-08-01,2019-12-21,2019-12-21,273,2
USER_0864,2019-08-01,2019-04-16,2019-07-15,4240,54
USER_0522,2019-08-01,2019-12-11,2019-12-11,1528,4
USER_1271,2019-08-01,2019-05-17,2019-05-17,250,6
USER_0068,2019-09-01,2019-03-04,2019-03-04,19,1
USER_1137,2019-09-01,2019-06-27,2019-07-12,1192,13
USER_0114,2019-09-01,2019-08-16,2019-08-16,145,4
USER_1043,2019-09-01,2019-10-14,2019-10-14,18,4
USER_0074,2019-09-01,2019-10-27,2019-10-27,340,16
USER_0512,2019-09-01,2019-04-11,2019-04-11,165,5
USER_1431,2019-09-01,2019-03-08,2019-03-08,91,1
USER_0192,2019-09-01,2019-10-27,2019-10-27,223,7
USER_0462,2019-09-01,2019-10-09,2019-10-10,3750,40
USER_0831,2019-09-01,2019-04-07,2019-05-24,1001,10
USER_0654,2019-09-01,2019-04-13,2019-04-13,293,2
USER_0333,2019-09-01,2019-09-18,2019-09-18,38,4
USER_0491,2019-09-01,2019-10-26,2019-11-03,1596,24
USER_1205,2019-09-01,2019-06-18,2019-09-11,1287,12
USER_0404,2019-09-01,2019-12-02,2019-12-02,698,7
USER_0856,2019-09-01,2019-01-22,2019-11-27,3079,29
USER_1435,2019-09-01,2019-11-12,2019-11-13,10844,83
USER_0729,2019-09-01,2019-06-11,2019-09-04,516,19
USER_1244,2019-09-01,2019-03-28,2019-08-28,6658,116
USER_0618,2019-09-01,2019-03-27,2019-10-12,14321,143
USER_0154,2019-09-01,2019-01-22,2019-01-22,1125,13
USER_1099,2019-09-01,2019-07-16,2019-08-17,2878,28
USER_1314,2019-09-01,2019-03-04,2019-10-23,3149,44
USER_0042,2019-10-01,2019-08-03,2019-08-03,789,15
USER_1320,2019-10-01,2019-04-23,2019-08-01,970,8
USER_0464,2019-10-01,2019-10-31,2019-12-11,2112,15
USER_1311,2019-10-01,2019-03-04,2019-03-04,401,11
USER_0573,2019-10-01,2019-07-23,2019-07-23,2229,29
USER_0695,2019-10-01,2019-10-07,2019-10-08,2517,41
USER_0832,2019-10-01,2019-02-16,2019-02-17,2291,38
USER_0034,2019-10-01,2019-01-11,2019-10-30,11440,126
USER_1026,2019-10-01,2019-05-01,2019-05-01,67,3
USER_0342,2019-10-01,2019-12-12,2019-12-12,959,9
USER_0732,2019-10-01,2019-04-06,2019-09-20,1890,39
USER_1015,2019-10-01,2019-01-13,2019-06-20,3414,30
USER_0204,2019-10-01,2019-06-07,2019-06-07,281,7
USER_0171,2019-10-01,2019-10-04,2019-10-04,518,8
USER_0750,2019-10-01,2019-05-12,2019-05-12,465,7
USER_1306,2019-10-01,2019-04-10,2019-06-20,234,11
USER_1458,2019-10-01,2019-09-14,2019-09-14,100,1
USER_1125,2019-10-01,2019-09-15,2019-09-15,598,5
USER_0574,2019-10-01,2019-09-13,2019-09-13,5399,62
USER_0270,2019-10-01,2019-03-27,2019-07-08,579,9
USER_0665,2019-10-01,2019-07-11,2019-07-25,5773,82
USER_0155,2019-10-01,2019-10-05,2019-10-06,3919,40
USER_1238,2019-10-01,2019-07-19,2019-12-03,2484,17
USER_0593,2019-10-01,2019-08-24,2019-08-24,480,13
USER_0777,2019-10-01,2019-10-12,2019-11-27,1629,11
USER_0720,2019-10-01,2019-06-13,2019-06-13,215,12
